case,candidate,steps,selector_reason,selected_pipeline,chosen_variant,baseline_nodes,baseline_levels,nodes_after,levels_after,node_delta,level_delta,status,cec_pass,opt_returncode,opt_timed_out,opt_error,cec_returncode,runtime_opt_sec,runtime_cec_sec,runtime_stats_sec,peak_mem_mb,input_path,baseline_path,output_path,log_dir
tc_public_1,r29_fraig_dc2_bal,fraig; dc2; balance,r11_deepsyn_tiny_high_sop_small_po,r11_gia_deepsyn_tiny@both,both,85,8,85,8,0,0,no_node_gain,True,0,False,False,0,0.049155,0.098878,0.045559,7.582,C:\Users\yy257\cpipc_r28_v5_remeasure\local_data\tc_public\tc_public_1\input.blif,submit\results\final_public\tc_public_1\output.blif,results_research\R29_postpass_matrix_v6\full30\runs\r29_fraig_dc2_bal\tc_public_1\output.blif,results_research\R29_postpass_matrix_v6\full30\runs\r29_fraig_dc2_bal\tc_public_1
tc_public_1,r29_mfs_fraig_dc2_bal,mfs; fraig; dc2; balance,r11_deepsyn_tiny_high_sop_small_po,r11_gia_deepsyn_tiny@both,both,85,8,85,8,0,0,no_node_gain,True,0,False,False,0,0.099917,0.098878,0.045968,8.621,C:\Users\yy257\cpipc_r28_v5_remeasure\local_data\tc_public\tc_public_1\input.blif,submit\results\final_public\tc_public_1\output.blif,results_research\R29_postpass_matrix_v6\full30\runs\r29_mfs_fraig_dc2_bal\tc_public_1\output.blif,results_research\R29_postpass_matrix_v6\full30\runs\r29_mfs_fraig_dc2_bal\tc_public_1
tc_public_1,r29_mfs_fraig_dc2_rwz_bal,mfs; fraig; dc2; rewrite -z; balance,r11_deepsyn_tiny_high_sop_small_po,r11_gia_deepsyn_tiny@both,both,85,8,85,8,0,0,no_node_gain,True,0,False,False,0,0.154852,0.10001,0.047089,8.625,C:\Users\yy257\cpipc_r28_v5_remeasure\local_data\tc_public\tc_public_1\input.blif,submit\results\final_public\tc_public_1\output.blif,results_research\R29_postpass_matrix_v6\full30\runs\r29_mfs_fraig_dc2_rwz_bal\tc_public_1\output.blif,results_research\R29_postpass_matrix_v6\full30\runs\r29_mfs_fraig_dc2_rwz_bal\tc_public_1
tc_public_1,r29_mfs_strash_dc2_rwz_bal,mfs; strash; dc2; rewrite -z; balance,r11_deepsyn_tiny_high_sop_small_po,r11_gia_deepsyn_tiny@both,both,85,8,85,8,0,0,no_node_gain,True,0,False,False,0,0.131817,0.098835,0.035446,8.68,C:\Users\yy257\cpipc_r28_v5_remeasure\local_data\tc_public\tc_public_1\input.blif,submit\results\final_public\tc_public_1\output.blif,results_research\R29_postpass_matrix_v6\full30\runs\r29_mfs_strash_dc2_rwz_bal\tc_public_1\output.blif,results_research\R29_postpass_matrix_v6\full30\runs\r29_mfs_strash_dc2_rwz_bal\tc_public_1
tc_public_10,r29_fraig_dc2_bal,fraig; dc2; balance,r11_deepsyn_small_small_pi_medium_po,r11_gia_deepsyn_tiny@clean,clean,101,4,101,4,0,0,no_node_gain,True,0,False,False,0,0.046213,0.047742,0.035885,1.906,C:\Users\yy257\cpipc_r28_v5_remeasure\local_data\tc_public\tc_public_10\input.blif,submit\results\final_public\tc_public_10\output.blif,results_research\R29_postpass_matrix_v6\full30\runs\r29_fraig_dc2_bal\tc_public_10\output.blif,results_research\R29_postpass_matrix_v6\full30\runs\r29_fraig_dc2_bal\tc_public_10
tc_public_10,r29_mfs_fraig_dc2_bal,mfs; fraig; dc2; balance,r11_deepsyn_small_small_pi_medium_po,r11_gia_deepsyn_tiny@clean,clean,101,4,101,4,0,0,no_node_gain,True,0,False,False,0,0.102344,0.047154,0.045842,8.164,C:\Users\yy257\cpipc_r28_v5_remeasure\local_data\tc_public\tc_public_10\input.blif,submit\results\final_public\tc_public_10\output.blif,results_research\R29_postpass_matrix_v6\full30\runs\r29_mfs_fraig_dc2_bal\tc_public_10\output.blif,results_research\R29_postpass_matrix_v6\full30\runs\r29_mfs_fraig_dc2_bal\tc_public_10
tc_public_10,r29_mfs_fraig_dc2_rwz_bal,mfs; fraig; dc2; rewrite -z; balance,r11_deepsyn_small_small_pi_medium_po,r11_gia_deepsyn_tiny@clean,clean,101,4,101,4,0,0,no_node_gain,True,0,False,False,0,0.143736,0.046203,0.036624,8.715,C:\Users\yy257\cpipc_r28_v5_remeasure\local_data\tc_public\tc_public_10\input.blif,submit\results\final_public\tc_public_10\output.blif,results_research\R29_postpass_matrix_v6\full30\runs\r29_mfs_fraig_dc2_rwz_bal\tc_public_10\output.blif,results_research\R29_postpass_matrix_v6\full30\runs\r29_mfs_fraig_dc2_rwz_bal\tc_public_10
tc_public_10,r29_mfs_strash_dc2_rwz_bal,mfs; strash; dc2; rewrite -z; balance,r11_deepsyn_small_small_pi_medium_po,r11_gia_deepsyn_tiny@clean,clean,101,4,101,4,0,0,no_node_gain,True,0,False,False,0,0.13096,0.045931,0.035882,8.715,C:\Users\yy257\cpipc_r28_v5_remeasure\local_data\tc_public\tc_public_10\input.blif,submit\results\final_public\tc_public_10\output.blif,results_research\R29_postpass_matrix_v6\full30\runs\r29_mfs_strash_dc2_rwz_bal\tc_public_10\output.blif,results_research\R29_postpass_matrix_v6\full30\runs\r29_mfs_strash_dc2_rwz_bal\tc_public_10
tc_public_11,r29_fraig_dc2_bal,fraig; dc2; balance,medium_runtime_fraig_cleanup,r10_medium_fraig_cleanup@clean,clean,328,7,328,7,0,0,no_node_gain,True,0,False,False,0,0.046846,0.067297,0.035457,9.867,C:\Users\yy257\cpipc_r28_v5_remeasure\local_data\tc_public\tc_public_11\input.blif,submit\results\final_public\tc_public_11\output.blif,results_research\R29_postpass_matrix_v6\full30\runs\r29_fraig_dc2_bal\tc_public_11\output.blif,results_research\R29_postpass_matrix_v6\full30\runs\r29_fraig_dc2_bal\tc_public_11
tc_public_11,r29_mfs_fraig_dc2_bal,mfs; fraig; dc2; balance,medium_runtime_fraig_cleanup,r10_medium_fraig_cleanup@clean,clean,328,7,328,7,0,0,no_node_gain,True,0,False,False,0,0.20816,0.067387,0.036289,10.062,C:\Users\yy257\cpipc_r28_v5_remeasure\local_data\tc_public\tc_public_11\input.blif,submit\results\final_public\tc_public_11\output.blif,results_research\R29_postpass_matrix_v6\full30\runs\r29_mfs_fraig_dc2_bal\tc_public_11\output.blif,results_research\R29_postpass_matrix_v6\full30\runs\r29_mfs_fraig_dc2_bal\tc_public_11
tc_public_11,r29_mfs_fraig_dc2_rwz_bal,mfs; fraig; dc2; rewrite -z; balance,medium_runtime_fraig_cleanup,r10_medium_fraig_cleanup@clean,clean,328,7,328,7,0,0,no_node_gain,True,0,False,False,0,0.242807,0.067055,0.045557,10.473,C:\Users\yy257\cpipc_r28_v5_remeasure\local_data\tc_public\tc_public_11\input.blif,submit\results\final_public\tc_public_11\output.blif,results_research\R29_postpass_matrix_v6\full30\runs\r29_mfs_fraig_dc2_rwz_bal\tc_public_11\output.blif,results_research\R29_postpass_matrix_v6\full30\runs\r29_mfs_fraig_dc2_rwz_bal\tc_public_11
tc_public_11,r29_mfs_strash_dc2_rwz_bal,mfs; strash; dc2; rewrite -z; balance,medium_runtime_fraig_cleanup,r10_medium_fraig_cleanup@clean,clean,328,7,328,7,0,0,no_node_gain,True,0,False,False,0,0.23981,0.052721,0.03689,8.836,C:\Users\yy257\cpipc_r28_v5_remeasure\local_data\tc_public\tc_public_11\input.blif,submit\results\final_public\tc_public_11\output.blif,results_research\R29_postpass_matrix_v6\full30\runs\r29_mfs_strash_dc2_rwz_bal\tc_public_11\output.blif,results_research\R29_postpass_matrix_v6\full30\runs\r29_mfs_strash_dc2_rwz_bal\tc_public_11
tc_public_12,r29_fraig_dc2_bal,fraig; dc2; balance,medium_runtime_fraig_cleanup,r10_medium_fraig_cleanup@clean,clean,1370,14,1369,14,-1,0,accepted,True,0,False,False,0,0.070579,0.073269,0.038398,8.82,C:\Users\yy257\cpipc_r28_v5_remeasure\local_data\tc_public\tc_public_12\input.blif,submit\results\final_public\tc_public_12\output.blif,results_research\R29_postpass_matrix_v6\full30\runs\r29_fraig_dc2_bal\tc_public_12\output.blif,results_research\R29_postpass_matrix_v6\full30\runs\r29_fraig_dc2_bal\tc_public_12
tc_public_12,r29_mfs_fraig_dc2_bal,mfs; fraig; dc2; balance,medium_runtime_fraig_cleanup,r10_medium_fraig_cleanup@clean,clean,1370,14,1367,14,-3,0,accepted,True,0,False,False,0,0.759643,0.067548,0.035824,10.047,C:\Users\yy257\cpipc_r28_v5_remeasure\local_data\tc_public\tc_public_12\input.blif,submit\results\final_public\tc_public_12\output.blif,results_research\R29_postpass_matrix_v6\full30\runs\r29_mfs_fraig_dc2_bal\tc_public_12\output.blif,results_research\R29_postpass_matrix_v6\full30\runs\r29_mfs_fraig_dc2_bal\tc_public_12
tc_public_12,r29_mfs_fraig_dc2_rwz_bal,mfs; fraig; dc2; rewrite -z; balance,medium_runtime_fraig_cleanup,r10_medium_fraig_cleanup@clean,clean,1370,14,1367,14,-3,0,accepted,True,0,False,False,0,0.779955,0.067225,0.036365,9.809,C:\Users\yy257\cpipc_r28_v5_remeasure\local_data\tc_public\tc_public_12\input.blif,submit\results\final_public\tc_public_12\output.blif,results_research\R29_postpass_matrix_v6\full30\runs\r29_mfs_fraig_dc2_rwz_bal\tc_public_12\output.blif,results_research\R29_postpass_matrix_v6\full30\runs\r29_mfs_fraig_dc2_rwz_bal\tc_public_12
tc_public_12,r29_mfs_strash_dc2_rwz_bal,mfs; strash; dc2; rewrite -z; balance,medium_runtime_fraig_cleanup,r10_medium_fraig_cleanup@clean,clean,1370,14,1367,14,-3,0,accepted,True,0,False,False,0,0.775057,0.068367,0.0359,9.621,C:\Users\yy257\cpipc_r28_v5_remeasure\local_data\tc_public\tc_public_12\input.blif,submit\results\final_public\tc_public_12\output.blif,results_research\R29_postpass_matrix_v6\full30\runs\r29_mfs_strash_dc2_rwz_bal\tc_public_12\output.blif,results_research\R29_postpass_matrix_v6\full30\runs\r29_mfs_strash_dc2_rwz_bal\tc_public_12
tc_public_13,r29_fraig_dc2_bal,fraig; dc2; balance,r7b_high_overlap_guarded_fraig,r7b_r7win_fraig_high@clean,clean,1043,13,1043,13,0,0,no_node_gain,True,0,False,False,0,0.067168,0.19121,0.035839,13.301,C:\Users\yy257\cpipc_r28_v5_remeasure\local_data\tc_public\tc_public_13\input.blif,submit\results\final_public\tc_public_13\output.blif,results_research\R29_postpass_matrix_v6\full30\runs\r29_fraig_dc2_bal\tc_public_13\output.blif,results_research\R29_postpass_matrix_v6\full30\runs\r29_fraig_dc2_bal\tc_public_13
tc_public_13,r29_mfs_fraig_dc2_bal,mfs; fraig; dc2; balance,r7b_high_overlap_guarded_fraig,r7b_r7win_fraig_high@clean,clean,1043,13,1043,13,0,0,no_node_gain,True,0,False,False,0,0.516423,0.214518,0.04809,13.395,C:\Users\yy257\cpipc_r28_v5_remeasure\local_data\tc_public\tc_public_13\input.blif,submit\results\final_public\tc_public_13\output.blif,results_research\R29_postpass_matrix_v6\full30\runs\r29_mfs_fraig_dc2_bal\tc_public_13\output.blif,results_research\R29_postpass_matrix_v6\full30\runs\r29_mfs_fraig_dc2_bal\tc_public_13
tc_public_13,r29_mfs_fraig_dc2_rwz_bal,mfs; fraig; dc2; rewrite -z; balance,r7b_high_overlap_guarded_fraig,r7b_r7win_fraig_high@clean,clean,1043,13,1043,13,0,0,no_node_gain,True,0,False,False,0,0.615545,0.207938,0.038085,13.633,C:\Users\yy257\cpipc_r28_v5_remeasure\local_data\tc_public\tc_public_13\input.blif,submit\results\final_public\tc_public_13\output.blif,results_research\R29_postpass_matrix_v6\full30\runs\r29_mfs_fraig_dc2_rwz_bal\tc_public_13\output.blif,results_research\R29_postpass_matrix_v6\full30\runs\r29_mfs_fraig_dc2_rwz_bal\tc_public_13
tc_public_13,r29_mfs_strash_dc2_rwz_bal,mfs; strash; dc2; rewrite -z; balance,r7b_high_overlap_guarded_fraig,r7b_r7win_fraig_high@clean,clean,1043,13,1043,13,0,0,no_node_gain,True,0,False,False,0,0.587452,0.205805,0.052726,13.668,C:\Users\yy257\cpipc_r28_v5_remeasure\local_data\tc_public\tc_public_13\input.blif,submit\results\final_public\tc_public_13\output.blif,results_research\R29_postpass_matrix_v6\full30\runs\r29_mfs_strash_dc2_rwz_bal\tc_public_13\output.blif,results_research\R29_postpass_matrix_v6\full30\runs\r29_mfs_strash_dc2_rwz_bal\tc_public_13
tc_public_14,r29_fraig_dc2_bal,fraig; dc2; balance,r7b_high_overlap_guarded_fraig,r7b_r7win_fraig_high@outputs+r28_r27_mfs_fraig_dc2_bal,outputs,2073,15,2054,14,-19,-1,accepted,True,0,False,False,0,0.107223,0.117364,0.039364,15.648,C:\Users\yy257\cpipc_r28_v5_remeasure\local_data\tc_public\tc_public_14\input.blif,submit\results\final_public\tc_public_14\output.blif,results_research\R29_postpass_matrix_v6\full30\runs\r29_fraig_dc2_bal\tc_public_14\output.blif,results_research\R29_postpass_matrix_v6\full30\runs\r29_fraig_dc2_bal\tc_public_14
tc_public_14,r29_mfs_fraig_dc2_bal,mfs; fraig; dc2; balance,r7b_high_overlap_guarded_fraig,r7b_r7win_fraig_high@outputs+r28_r27_mfs_fraig_dc2_bal,outputs,2073,15,2044,14,-29,-1,accepted,True,0,False,False,0,1.790776,0.101786,0.047058,15.531,C:\Users\yy257\cpipc_r28_v5_remeasure\local_data\tc_public\tc_public_14\input.blif,submit\results\final_public\tc_public_14\output.blif,results_research\R29_postpass_matrix_v6\full30\runs\r29_mfs_fraig_dc2_bal\tc_public_14\output.blif,results_research\R29_postpass_matrix_v6\full30\runs\r29_mfs_fraig_dc2_bal\tc_public_14
tc_public_14,r29_mfs_fraig_dc2_rwz_bal,mfs; fraig; dc2; rewrite -z; balance,r7b_high_overlap_guarded_fraig,r7b_r7win_fraig_high@outputs+r28_r27_mfs_fraig_dc2_bal,outputs,2073,15,2044,14,-29,-1,accepted,True,0,False,False,0,1.786687,0.103796,0.04792,15.363,C:\Users\yy257\cpipc_r28_v5_remeasure\local_data\tc_public\tc_public_14\input.blif,submit\results\final_public\tc_public_14\output.blif,results_research\R29_postpass_matrix_v6\full30\runs\r29_mfs_fraig_dc2_rwz_bal\tc_public_14\output.blif,results_research\R29_postpass_matrix_v6\full30\runs\r29_mfs_fraig_dc2_rwz_bal\tc_public_14
tc_public_14,r29_mfs_strash_dc2_rwz_bal,mfs; strash; dc2; rewrite -z; balance,r7b_high_overlap_guarded_fraig,r7b_r7win_fraig_high@outputs+r28_r27_mfs_fraig_dc2_bal,outputs,2073,15,2044,14,-29,-1,accepted,True,0,False,False,0,1.876288,0.103731,0.038496,15.613,C:\Users\yy257\cpipc_r28_v5_remeasure\local_data\tc_public\tc_public_14\input.blif,submit\results\final_public\tc_public_14\output.blif,results_research\R29_postpass_matrix_v6\full30\runs\r29_mfs_strash_dc2_rwz_bal\tc_public_14\output.blif,results_research\R29_postpass_matrix_v6\full30\runs\r29_mfs_strash_dc2_rwz_bal\tc_public_14
tc_public_15,r29_fraig_dc2_bal,fraig; dc2; balance,r7b_high_overlap_guarded_fraig,r7b_r7win_fraig_high@clean+r28_r27_mfs_fraig_dc2_bal,clean,913,11,904,11,-9,0,accepted,True,0,False,False,0,0.072056,0.071577,0.039333,10.211,C:\Users\yy257\cpipc_r28_v5_remeasure\local_data\tc_public\tc_public_15\input.blif,submit\results\final_public\tc_public_15\output.blif,results_research\R29_postpass_matrix_v6\full30\runs\r29_fraig_dc2_bal\tc_public_15\output.blif,results_research\R29_postpass_matrix_v6\full30\runs\r29_fraig_dc2_bal\tc_public_15
tc_public_15,r29_mfs_fraig_dc2_bal,mfs; fraig; dc2; balance,r7b_high_overlap_guarded_fraig,r7b_r7win_fraig_high@clean+r28_r27_mfs_fraig_dc2_bal,clean,913,11,904,11,-9,0,accepted,True,0,False,False,0,0.665154,0.072475,0.038452,11.844,C:\Users\yy257\cpipc_r28_v5_remeasure\local_data\tc_public\tc_public_15\input.blif,submit\results\final_public\tc_public_15\output.blif,results_research\R29_postpass_matrix_v6\full30\runs\r29_mfs_fraig_dc2_bal\tc_public_15\output.blif,results_research\R29_postpass_matrix_v6\full30\runs\r29_mfs_fraig_dc2_bal\tc_public_15
tc_public_15,r29_mfs_fraig_dc2_rwz_bal,mfs; fraig; dc2; rewrite -z; balance,r7b_high_overlap_guarded_fraig,r7b_r7win_fraig_high@clean+r28_r27_mfs_fraig_dc2_bal,clean,913,11,904,11,-9,0,accepted,True,0,False,False,0,0.739622,0.073637,0.050735,11.871,C:\Users\yy257\cpipc_r28_v5_remeasure\local_data\tc_public\tc_public_15\input.blif,submit\results\final_public\tc_public_15\output.blif,results_research\R29_postpass_matrix_v6\full30\runs\r29_mfs_fraig_dc2_rwz_bal\tc_public_15\output.blif,results_research\R29_postpass_matrix_v6\full30\runs\r29_mfs_fraig_dc2_rwz_bal\tc_public_15
tc_public_15,r29_mfs_strash_dc2_rwz_bal,mfs; strash; dc2; rewrite -z; balance,r7b_high_overlap_guarded_fraig,r7b_r7win_fraig_high@clean+r28_r27_mfs_fraig_dc2_bal,clean,913,11,904,11,-9,0,accepted,True,0,False,False,0,0.712442,0.074687,0.037331,12.02,C:\Users\yy257\cpipc_r28_v5_remeasure\local_data\tc_public\tc_public_15\input.blif,submit\results\final_public\tc_public_15\output.blif,results_research\R29_postpass_matrix_v6\full30\runs\r29_mfs_strash_dc2_rwz_bal\tc_public_15\output.blif,results_research\R29_postpass_matrix_v6\full30\runs\r29_mfs_strash_dc2_rwz_bal\tc_public_15
tc_public_16,r29_fraig_dc2_bal,fraig; dc2; balance,default,dc2_fast@clean,clean,45,6,45,6,0,0,no_node_gain,True,0,False,False,0,0.047382,0.036416,0.037574,1.91,C:\Users\yy257\cpipc_r28_v5_remeasure\local_data\tc_public\tc_public_16\input.blif,submit\results\final_public\tc_public_16\output.blif,results_research\R29_postpass_matrix_v6\full30\runs\r29_fraig_dc2_bal\tc_public_16\output.blif,results_research\R29_postpass_matrix_v6\full30\runs\r29_fraig_dc2_bal\tc_public_16
tc_public_16,r29_mfs_fraig_dc2_bal,mfs; fraig; dc2; balance,default,dc2_fast@clean,clean,45,6,45,6,0,0,no_node_gain,True,0,False,False,0,0.069983,0.042068,0.04715,8.539,C:\Users\yy257\cpipc_r28_v5_remeasure\local_data\tc_public\tc_public_16\input.blif,submit\results\final_public\tc_public_16\output.blif,results_research\R29_postpass_matrix_v6\full30\runs\r29_mfs_fraig_dc2_bal\tc_public_16\output.blif,results_research\R29_postpass_matrix_v6\full30\runs\r29_mfs_fraig_dc2_bal\tc_public_16
tc_public_16,r29_mfs_fraig_dc2_rwz_bal,mfs; fraig; dc2; rewrite -z; balance,default,dc2_fast@clean,clean,45,6,45,6,0,0,no_node_gain,True,0,False,False,0,0.109923,0.046263,0.036833,8.219,C:\Users\yy257\cpipc_r28_v5_remeasure\local_data\tc_public\tc_public_16\input.blif,submit\results\final_public\tc_public_16\output.blif,results_research\R29_postpass_matrix_v6\full30\runs\r29_mfs_fraig_dc2_rwz_bal\tc_public_16\output.blif,results_research\R29_postpass_matrix_v6\full30\runs\r29_mfs_fraig_dc2_rwz_bal\tc_public_16
tc_public_16,r29_mfs_strash_dc2_rwz_bal,mfs; strash; dc2; rewrite -z; balance,default,dc2_fast@clean,clean,45,6,45,6,0,0,no_node_gain,True,0,False,False,0,0.110325,0.036301,0.037449,8.289,C:\Users\yy257\cpipc_r28_v5_remeasure\local_data\tc_public\tc_public_16\input.blif,submit\results\final_public\tc_public_16\output.blif,results_research\R29_postpass_matrix_v6\full30\runs\r29_mfs_strash_dc2_rwz_bal\tc_public_16\output.blif,results_research\R29_postpass_matrix_v6\full30\runs\r29_mfs_strash_dc2_rwz_bal\tc_public_16
tc_public_17,r29_fraig_dc2_bal,fraig; dc2; balance,default,dc2_fast@clean,clean,93,6,93,6,0,0,no_node_gain,True,0,False,False,0,0.050155,0.047425,0.035503,1.895,C:\Users\yy257\cpipc_r28_v5_remeasure\local_data\tc_public\tc_public_17\input.blif,submit\results\final_public\tc_public_17\output.blif,results_research\R29_postpass_matrix_v6\full30\runs\r29_fraig_dc2_bal\tc_public_17\output.blif,results_research\R29_postpass_matrix_v6\full30\runs\r29_fraig_dc2_bal\tc_public_17
tc_public_17,r29_mfs_fraig_dc2_bal,mfs; fraig; dc2; balance,default,dc2_fast@clean,clean,93,6,93,6,0,0,no_node_gain,True,0,False,False,0,0.078151,0.046392,0.035991,6.996,C:\Users\yy257\cpipc_r28_v5_remeasure\local_data\tc_public\tc_public_17\input.blif,submit\results\final_public\tc_public_17\output.blif,results_research\R29_postpass_matrix_v6\full30\runs\r29_mfs_fraig_dc2_bal\tc_public_17\output.blif,results_research\R29_postpass_matrix_v6\full30\runs\r29_mfs_fraig_dc2_bal\tc_public_17
tc_public_17,r29_mfs_fraig_dc2_rwz_bal,mfs; fraig; dc2; rewrite -z; balance,default,dc2_fast@clean,clean,93,6,93,6,0,0,no_node_gain,True,0,False,False,0,0.13514,0.049416,0.039084,8.562,C:\Users\yy257\cpipc_r28_v5_remeasure\local_data\tc_public\tc_public_17\input.blif,submit\results\final_public\tc_public_17\output.blif,results_research\R29_postpass_matrix_v6\full30\runs\r29_mfs_fraig_dc2_rwz_bal\tc_public_17\output.blif,results_research\R29_postpass_matrix_v6\full30\runs\r29_mfs_fraig_dc2_rwz_bal\tc_public_17
tc_public_17,r29_mfs_strash_dc2_rwz_bal,mfs; strash; dc2; rewrite -z; balance,default,dc2_fast@clean,clean,93,6,93,6,0,0,no_node_gain,True,0,False,False,0,0.135376,0.047294,0.035271,7.836,C:\Users\yy257\cpipc_r28_v5_remeasure\local_data\tc_public\tc_public_17\input.blif,submit\results\final_public\tc_public_17\output.blif,results_research\R29_postpass_matrix_v6\full30\runs\r29_mfs_strash_dc2_rwz_bal\tc_public_17\output.blif,results_research\R29_postpass_matrix_v6\full30\runs\r29_mfs_strash_dc2_rwz_bal\tc_public_17
tc_public_18,r29_fraig_dc2_bal,fraig; dc2; balance,medium_runtime_fraig_cleanup,r10_medium_fraig_cleanup@both,both,486,12,483,12,-3,0,accepted,True,0,False,False,0,0.131288,0.13879,0.036076,11.023,C:\Users\yy257\cpipc_r28_v5_remeasure\local_data\tc_public\tc_public_18\input.blif,submit\results\final_public\tc_public_18\output.blif,results_research\R29_postpass_matrix_v6\full30\runs\r29_fraig_dc2_bal\tc_public_18\output.blif,results_research\R29_postpass_matrix_v6\full30\runs\r29_fraig_dc2_bal\tc_public_18
tc_public_18,r29_mfs_fraig_dc2_bal,mfs; fraig; dc2; balance,medium_runtime_fraig_cleanup,r10_medium_fraig_cleanup@both,both,486,12,483,12,-3,0,accepted,True,0,False,False,0,0.36832,0.161174,0.036928,13.324,C:\Users\yy257\cpipc_r28_v5_remeasure\local_data\tc_public\tc_public_18\input.blif,submit\results\final_public\tc_public_18\output.blif,results_research\R29_postpass_matrix_v6\full30\runs\r29_mfs_fraig_dc2_bal\tc_public_18\output.blif,results_research\R29_postpass_matrix_v6\full30\runs\r29_mfs_fraig_dc2_bal\tc_public_18
tc_public_18,r29_mfs_fraig_dc2_rwz_bal,mfs; fraig; dc2; rewrite -z; balance,medium_runtime_fraig_cleanup,r10_medium_fraig_cleanup@both,both,486,12,483,12,-3,0,accepted,True,0,False,False,0,0.419411,0.131306,0.035335,9.578,C:\Users\yy257\cpipc_r28_v5_remeasure\local_data\tc_public\tc_public_18\input.blif,submit\results\final_public\tc_public_18\output.blif,results_research\R29_postpass_matrix_v6\full30\runs\r29_mfs_fraig_dc2_rwz_bal\tc_public_18\output.blif,results_research\R29_postpass_matrix_v6\full30\runs\r29_mfs_fraig_dc2_rwz_bal\tc_public_18
tc_public_18,r29_mfs_strash_dc2_rwz_bal,mfs; strash; dc2; rewrite -z; balance,medium_runtime_fraig_cleanup,r10_medium_fraig_cleanup@both,both,486,12,483,12,-3,0,accepted,True,0,False,False,0,0.424149,0.161836,0.037933,11.055,C:\Users\yy257\cpipc_r28_v5_remeasure\local_data\tc_public\tc_public_18\input.blif,submit\results\final_public\tc_public_18\output.blif,results_research\R29_postpass_matrix_v6\full30\runs\r29_mfs_strash_dc2_rwz_bal\tc_public_18\output.blif,results_research\R29_postpass_matrix_v6\full30\runs\r29_mfs_strash_dc2_rwz_bal\tc_public_18
tc_public_19,r29_fraig_dc2_bal,fraig; dc2; balance,large_smallpo_fraig_cleanup,r9_dc2_fraig_cleanup@inputs,inputs,5184,18,5160,18,-24,0,accepted,True,0,False,False,0,1.137701,0.618306,0.051526,20.879,C:\Users\yy257\cpipc_r28_v5_remeasure\local_data\tc_public\tc_public_19\input.blif,submit\results\final_public\tc_public_19\output.blif,results_research\R29_postpass_matrix_v6\full30\runs\r29_fraig_dc2_bal\tc_public_19\output.blif,results_research\R29_postpass_matrix_v6\full30\runs\r29_fraig_dc2_bal\tc_public_19
tc_public_19,r29_mfs_fraig_dc2_bal,mfs; fraig; dc2; balance,large_smallpo_fraig_cleanup,r9_dc2_fraig_cleanup@inputs,inputs,5184,18,5160,18,-24,0,accepted,True,0,False,False,0,3.47543,0.611277,0.053093,20.73,C:\Users\yy257\cpipc_r28_v5_remeasure\local_data\tc_public\tc_public_19\input.blif,submit\results\final_public\tc_public_19\output.blif,results_research\R29_postpass_matrix_v6\full30\runs\r29_mfs_fraig_dc2_bal\tc_public_19\output.blif,results_research\R29_postpass_matrix_v6\full30\runs\r29_mfs_fraig_dc2_bal\tc_public_19
tc_public_19,r29_mfs_fraig_dc2_rwz_bal,mfs; fraig; dc2; rewrite -z; balance,large_smallpo_fraig_cleanup,r9_dc2_fraig_cleanup@inputs,inputs,5184,18,5157,18,-27,0,accepted,True,0,False,False,0,3.779753,0.671358,0.047229,21.316,C:\Users\yy257\cpipc_r28_v5_remeasure\local_data\tc_public\tc_public_19\input.blif,submit\results\final_public\tc_public_19\output.blif,results_research\R29_postpass_matrix_v6\full30\runs\r29_mfs_fraig_dc2_rwz_bal\tc_public_19\output.blif,results_research\R29_postpass_matrix_v6\full30\runs\r29_mfs_fraig_dc2_rwz_bal\tc_public_19
tc_public_19,r29_mfs_strash_dc2_rwz_bal,mfs; strash; dc2; rewrite -z; balance,large_smallpo_fraig_cleanup,r9_dc2_fraig_cleanup@inputs,inputs,5184,18,5157,18,-27,0,accepted,True,0,False,False,0,3.677534,0.686646,0.052145,21.25,C:\Users\yy257\cpipc_r28_v5_remeasure\local_data\tc_public\tc_public_19\input.blif,submit\results\final_public\tc_public_19\output.blif,results_research\R29_postpass_matrix_v6\full30\runs\r29_mfs_strash_dc2_rwz_bal\tc_public_19\output.blif,results_research\R29_postpass_matrix_v6\full30\runs\r29_mfs_strash_dc2_rwz_bal\tc_public_19
tc_public_2,r29_fraig_dc2_bal,fraig; dc2; balance,tiny_high_fanin_sop,sop_fx@clean,clean,19,4,19,4,0,0,no_node_gain,True,0,False,False,0,0.039537,0.085319,0.037672,7.469,C:\Users\yy257\cpipc_r28_v5_remeasure\local_data\tc_public\tc_public_2\input.blif,submit\results\final_public\tc_public_2\output.blif,results_research\R29_postpass_matrix_v6\full30\runs\r29_fraig_dc2_bal\tc_public_2\output.blif,results_research\R29_postpass_matrix_v6\full30\runs\r29_fraig_dc2_bal\tc_public_2
tc_public_2,r29_mfs_fraig_dc2_bal,mfs; fraig; dc2; balance,tiny_high_fanin_sop,sop_fx@clean,clean,19,4,19,4,0,0,no_node_gain,True,0,False,False,0,0.050931,0.106527,0.038928,7.477,C:\Users\yy257\cpipc_r28_v5_remeasure\local_data\tc_public\tc_public_2\input.blif,submit\results\final_public\tc_public_2\output.blif,results_research\R29_postpass_matrix_v6\full30\runs\r29_mfs_fraig_dc2_bal\tc_public_2\output.blif,results_research\R29_postpass_matrix_v6\full30\runs\r29_mfs_fraig_dc2_bal\tc_public_2
tc_public_2,r29_mfs_fraig_dc2_rwz_bal,mfs; fraig; dc2; rewrite -z; balance,tiny_high_fanin_sop,sop_fx@clean,clean,19,4,19,4,0,0,no_node_gain,True,0,False,False,0,0.104928,0.100508,0.035967,8.594,C:\Users\yy257\cpipc_r28_v5_remeasure\local_data\tc_public\tc_public_2\input.blif,submit\results\final_public\tc_public_2\output.blif,results_research\R29_postpass_matrix_v6\full30\runs\r29_mfs_fraig_dc2_rwz_bal\tc_public_2\output.blif,results_research\R29_postpass_matrix_v6\full30\runs\r29_mfs_fraig_dc2_rwz_bal\tc_public_2
tc_public_2,r29_mfs_strash_dc2_rwz_bal,mfs; strash; dc2; rewrite -z; balance,tiny_high_fanin_sop,sop_fx@clean,clean,19,4,19,4,0,0,no_node_gain,True,0,False,False,0,0.107606,0.104148,0.036387,7.781,C:\Users\yy257\cpipc_r28_v5_remeasure\local_data\tc_public\tc_public_2\input.blif,submit\results\final_public\tc_public_2\output.blif,results_research\R29_postpass_matrix_v6\full30\runs\r29_mfs_strash_dc2_rwz_bal\tc_public_2\output.blif,results_research\R29_postpass_matrix_v6\full30\runs\r29_mfs_strash_dc2_rwz_bal\tc_public_2
tc_public_20,r29_fraig_dc2_bal,fraig; dc2; balance,large_smallpo_fraig_cleanup,r9_dc2_fraig_cleanup@inputs,inputs,5445,20,5418,20,-27,0,accepted,True,0,False,False,0,1.397331,0.767746,0.047094,21.258,C:\Users\yy257\cpipc_r28_v5_remeasure\local_data\tc_public\tc_public_20\input.blif,submit\results\final_public\tc_public_20\output.blif,results_research\R29_postpass_matrix_v6\full30\runs\r29_fraig_dc2_bal\tc_public_20\output.blif,results_research\R29_postpass_matrix_v6\full30\runs\r29_fraig_dc2_bal\tc_public_20
tc_public_20,r29_mfs_fraig_dc2_bal,mfs; fraig; dc2; balance,large_smallpo_fraig_cleanup,r9_dc2_fraig_cleanup@inputs,inputs,5445,20,5418,20,-27,0,accepted,True,0,False,False,0,4.179771,0.77209,0.048587,21.137,C:\Users\yy257\cpipc_r28_v5_remeasure\local_data\tc_public\tc_public_20\input.blif,submit\results\final_public\tc_public_20\output.blif,results_research\R29_postpass_matrix_v6\full30\runs\r29_mfs_fraig_dc2_bal\tc_public_20\output.blif,results_research\R29_postpass_matrix_v6\full30\runs\r29_mfs_fraig_dc2_bal\tc_public_20
tc_public_20,r29_mfs_fraig_dc2_rwz_bal,mfs; fraig; dc2; rewrite -z; balance,large_smallpo_fraig_cleanup,r9_dc2_fraig_cleanup@inputs,inputs,5445,20,5412,20,-33,0,accepted,True,0,False,False,0,4.312303,0.855466,0.050574,21.508,C:\Users\yy257\cpipc_r28_v5_remeasure\local_data\tc_public\tc_public_20\input.blif,submit\results\final_public\tc_public_20\output.blif,results_research\R29_postpass_matrix_v6\full30\runs\r29_mfs_fraig_dc2_rwz_bal\tc_public_20\output.blif,results_research\R29_postpass_matrix_v6\full30\runs\r29_mfs_fraig_dc2_rwz_bal\tc_public_20
tc_public_20,r29_mfs_strash_dc2_rwz_bal,mfs; strash; dc2; rewrite -z; balance,large_smallpo_fraig_cleanup,r9_dc2_fraig_cleanup@inputs,inputs,5445,20,5412,20,-33,0,accepted,True,0,False,False,0,4.232572,0.845909,0.064954,21.34,C:\Users\yy257\cpipc_r28_v5_remeasure\local_data\tc_public\tc_public_20\input.blif,submit\results\final_public\tc_public_20\output.blif,results_research\R29_postpass_matrix_v6\full30\runs\r29_mfs_strash_dc2_rwz_bal\tc_public_20\output.blif,results_research\R29_postpass_matrix_v6\full30\runs\r29_mfs_strash_dc2_rwz_bal\tc_public_20
tc_public_21,r29_fraig_dc2_bal,fraig; dc2; balance,large_smallpo_fraig_cleanup,r9_dc2_fraig_cleanup@inputs,inputs,5448,20,5418,20,-30,0,accepted,True,0,False,False,0,1.405084,0.77514,0.046952,21.418,C:\Users\yy257\cpipc_r28_v5_remeasure\local_data\tc_public\tc_public_21\input.blif,submit\results\final_public\tc_public_21\output.blif,results_research\R29_postpass_matrix_v6\full30\runs\r29_fraig_dc2_bal\tc_public_21\output.blif,results_research\R29_postpass_matrix_v6\full30\runs\r29_fraig_dc2_bal\tc_public_21
tc_public_21,r29_mfs_fraig_dc2_bal,mfs; fraig; dc2; balance,large_smallpo_fraig_cleanup,r9_dc2_fraig_cleanup@inputs,inputs,5448,20,5418,20,-30,0,accepted,True,0,False,False,0,4.141054,0.767817,0.050654,21.57,C:\Users\yy257\cpipc_r28_v5_remeasure\local_data\tc_public\tc_public_21\input.blif,submit\results\final_public\tc_public_21\output.blif,results_research\R29_postpass_matrix_v6\full30\runs\r29_mfs_fraig_dc2_bal\tc_public_21\output.blif,results_research\R29_postpass_matrix_v6\full30\runs\r29_mfs_fraig_dc2_bal\tc_public_21
tc_public_21,r29_mfs_fraig_dc2_rwz_bal,mfs; fraig; dc2; rewrite -z; balance,large_smallpo_fraig_cleanup,r9_dc2_fraig_cleanup@inputs,inputs,5448,20,5412,20,-36,0,accepted,True,0,False,False,0,4.031195,0.892112,0.04809,21.789,C:\Users\yy257\cpipc_r28_v5_remeasure\local_data\tc_public\tc_public_21\input.blif,submit\results\final_public\tc_public_21\output.blif,results_research\R29_postpass_matrix_v6\full30\runs\r29_mfs_fraig_dc2_rwz_bal\tc_public_21\output.blif,results_research\R29_postpass_matrix_v6\full30\runs\r29_mfs_fraig_dc2_rwz_bal\tc_public_21
tc_public_21,r29_mfs_strash_dc2_rwz_bal,mfs; strash; dc2; rewrite -z; balance,large_smallpo_fraig_cleanup,r9_dc2_fraig_cleanup@inputs,inputs,5448,20,5412,20,-36,0,accepted,True,0,False,False,0,4.032392,0.834476,0.049125,21.5,C:\Users\yy257\cpipc_r28_v5_remeasure\local_data\tc_public\tc_public_21\input.blif,submit\results\final_public\tc_public_21\output.blif,results_research\R29_postpass_matrix_v6\full30\runs\r29_mfs_strash_dc2_rwz_bal\tc_public_21\output.blif,results_research\R29_postpass_matrix_v6\full30\runs\r29_mfs_strash_dc2_rwz_bal\tc_public_21
tc_public_22,r29_fraig_dc2_bal,fraig; dc2; balance,large_smallpo_fraig_cleanup,r9_dc2_fraig_cleanup@both,both,10740,20,10695,20,-45,0,accepted,True,0,False,False,0,2.265317,1.295975,0.050888,27.555,C:\Users\yy257\cpipc_r28_v5_remeasure\local_data\tc_public\tc_public_22\input.blif,submit\results\final_public\tc_public_22\output.blif,results_research\R29_postpass_matrix_v6\full30\runs\r29_fraig_dc2_bal\tc_public_22\output.blif,results_research\R29_postpass_matrix_v6\full30\runs\r29_fraig_dc2_bal\tc_public_22
tc_public_22,r29_mfs_fraig_dc2_bal,mfs; fraig; dc2; balance,large_smallpo_fraig_cleanup,r9_dc2_fraig_cleanup@both,both,10740,20,10695,20,-45,0,accepted,True,0,False,False,0,7.746923,1.2193,0.066948,27.68,C:\Users\yy257\cpipc_r28_v5_remeasure\local_data\tc_public\tc_public_22\input.blif,submit\results\final_public\tc_public_22\output.blif,results_research\R29_postpass_matrix_v6\full30\runs\r29_mfs_fraig_dc2_bal\tc_public_22\output.blif,results_research\R29_postpass_matrix_v6\full30\runs\r29_mfs_fraig_dc2_bal\tc_public_22
tc_public_22,r29_mfs_fraig_dc2_rwz_bal,mfs; fraig; dc2; rewrite -z; balance,large_smallpo_fraig_cleanup,r9_dc2_fraig_cleanup@both,both,10740,20,10683,20,-57,0,accepted,True,0,False,False,0,8.053676,1.418381,0.050117,27.594,C:\Users\yy257\cpipc_r28_v5_remeasure\local_data\tc_public\tc_public_22\input.blif,submit\results\final_public\tc_public_22\output.blif,results_research\R29_postpass_matrix_v6\full30\runs\r29_mfs_fraig_dc2_rwz_bal\tc_public_22\output.blif,results_research\R29_postpass_matrix_v6\full30\runs\r29_mfs_fraig_dc2_rwz_bal\tc_public_22
tc_public_22,r29_mfs_strash_dc2_rwz_bal,mfs; strash; dc2; rewrite -z; balance,large_smallpo_fraig_cleanup,r9_dc2_fraig_cleanup@both,both,10740,20,10683,20,-57,0,accepted,True,0,False,False,0,7.76263,1.356795,0.069431,27.934,C:\Users\yy257\cpipc_r28_v5_remeasure\local_data\tc_public\tc_public_22\input.blif,submit\results\final_public\tc_public_22\output.blif,results_research\R29_postpass_matrix_v6\full30\runs\r29_mfs_strash_dc2_rwz_bal\tc_public_22\output.blif,results_research\R29_postpass_matrix_v6\full30\runs\r29_mfs_strash_dc2_rwz_bal\tc_public_22
tc_public_23,r29_fraig_dc2_bal,fraig; dc2; balance,r11_deepsyn_medium_tiny_po,r11_gia_deepsyn_tiny@inputs,inputs,1318,13,1311,13,-7,0,accepted,True,0,False,False,0,0.070037,0.068191,0.047023,8.668,C:\Users\yy257\cpipc_r28_v5_remeasure\local_data\tc_public\tc_public_23\input.blif,submit\results\final_public\tc_public_23\output.blif,results_research\R29_postpass_matrix_v6\full30\runs\r29_fraig_dc2_bal\tc_public_23\output.blif,results_research\R29_postpass_matrix_v6\full30\runs\r29_fraig_dc2_bal\tc_public_23
tc_public_23,r29_mfs_fraig_dc2_bal,mfs; fraig; dc2; balance,r11_deepsyn_medium_tiny_po,r11_gia_deepsyn_tiny@inputs,inputs,1318,13,1311,13,-7,0,accepted,True,0,False,False,0,1.12861,0.077404,0.046261,10.398,C:\Users\yy257\cpipc_r28_v5_remeasure\local_data\tc_public\tc_public_23\input.blif,submit\results\final_public\tc_public_23\output.blif,results_research\R29_postpass_matrix_v6\full30\runs\r29_mfs_fraig_dc2_bal\tc_public_23\output.blif,results_research\R29_postpass_matrix_v6\full30\runs\r29_mfs_fraig_dc2_bal\tc_public_23
tc_public_23,r29_mfs_fraig_dc2_rwz_bal,mfs; fraig; dc2; rewrite -z; balance,r11_deepsyn_medium_tiny_po,r11_gia_deepsyn_tiny@inputs,inputs,1318,13,1311,13,-7,0,accepted,True,0,False,False,0,1.183991,0.070176,0.039945,10.332,C:\Users\yy257\cpipc_r28_v5_remeasure\local_data\tc_public\tc_public_23\input.blif,submit\results\final_public\tc_public_23\output.blif,results_research\R29_postpass_matrix_v6\full30\runs\r29_mfs_fraig_dc2_rwz_bal\tc_public_23\output.blif,results_research\R29_postpass_matrix_v6\full30\runs\r29_mfs_fraig_dc2_rwz_bal\tc_public_23
tc_public_23,r29_mfs_strash_dc2_rwz_bal,mfs; strash; dc2; rewrite -z; balance,r11_deepsyn_medium_tiny_po,r11_gia_deepsyn_tiny@inputs,inputs,1318,13,1311,13,-7,0,accepted,True,0,False,False,0,1.172951,0.070365,0.037121,10.539,C:\Users\yy257\cpipc_r28_v5_remeasure\local_data\tc_public\tc_public_23\input.blif,submit\results\final_public\tc_public_23\output.blif,results_research\R29_postpass_matrix_v6\full30\runs\r29_mfs_strash_dc2_rwz_bal\tc_public_23\output.blif,results_research\R29_postpass_matrix_v6\full30\runs\r29_mfs_strash_dc2_rwz_bal\tc_public_23
tc_public_24,r29_fraig_dc2_bal,fraig; dc2; balance,default,dc2_fast@clean,clean,215,8,215,8,0,0,no_node_gain,True,0,False,False,0,0.048476,0.038032,0.046251,1.895,C:\Users\yy257\cpipc_r28_v5_remeasure\local_data\tc_public\tc_public_24\input.blif,submit\results\final_public\tc_public_24\output.blif,results_research\R29_postpass_matrix_v6\full30\runs\r29_fraig_dc2_bal\tc_public_24\output.blif,results_research\R29_postpass_matrix_v6\full30\runs\r29_fraig_dc2_bal\tc_public_24
tc_public_24,r29_mfs_fraig_dc2_bal,mfs; fraig; dc2; balance,default,dc2_fast@clean,clean,215,8,215,8,0,0,no_node_gain,True,0,False,False,0,0.175394,0.038874,0.038572,8.727,C:\Users\yy257\cpipc_r28_v5_remeasure\local_data\tc_public\tc_public_24\input.blif,submit\results\final_public\tc_public_24\output.blif,results_research\R29_postpass_matrix_v6\full30\runs\r29_mfs_fraig_dc2_bal\tc_public_24\output.blif,results_research\R29_postpass_matrix_v6\full30\runs\r29_mfs_fraig_dc2_bal\tc_public_24
tc_public_24,r29_mfs_fraig_dc2_rwz_bal,mfs; fraig; dc2; rewrite -z; balance,default,dc2_fast@clean,clean,215,8,215,8,0,0,no_node_gain,True,0,False,False,0,0.207394,0.0506,0.038447,8.691,C:\Users\yy257\cpipc_r28_v5_remeasure\local_data\tc_public\tc_public_24\input.blif,submit\results\final_public\tc_public_24\output.blif,results_research\R29_postpass_matrix_v6\full30\runs\r29_mfs_fraig_dc2_rwz_bal\tc_public_24\output.blif,results_research\R29_postpass_matrix_v6\full30\runs\r29_mfs_fraig_dc2_rwz_bal\tc_public_24
tc_public_24,r29_mfs_strash_dc2_rwz_bal,mfs; strash; dc2; rewrite -z; balance,default,dc2_fast@clean,clean,215,8,215,8,0,0,no_node_gain,True,0,False,False,0,0.215065,0.061355,0.039503,8.738,C:\Users\yy257\cpipc_r28_v5_remeasure\local_data\tc_public\tc_public_24\input.blif,submit\results\final_public\tc_public_24\output.blif,results_research\R29_postpass_matrix_v6\full30\runs\r29_mfs_strash_dc2_rwz_bal\tc_public_24\output.blif,results_research\R29_postpass_matrix_v6\full30\runs\r29_mfs_strash_dc2_rwz_bal\tc_public_24
tc_public_25,r29_fraig_dc2_bal,fraig; dc2; balance,default,dc2_fast@clean,clean,26,4,26,4,0,0,no_node_gain,True,0,False,False,0,0.049371,0.038196,0.035611,1.898,C:\Users\yy257\cpipc_r28_v5_remeasure\local_data\tc_public\tc_public_25\input.blif,submit\results\final_public\tc_public_25\output.blif,results_research\R29_postpass_matrix_v6\full30\runs\r29_fraig_dc2_bal\tc_public_25\output.blif,results_research\R29_postpass_matrix_v6\full30\runs\r29_fraig_dc2_bal\tc_public_25
tc_public_25,r29_mfs_fraig_dc2_bal,mfs; fraig; dc2; balance,default,dc2_fast@clean,clean,26,4,26,4,0,0,no_node_gain,True,0,False,False,0,0.062734,0.039064,0.038127,1.91,C:\Users\yy257\cpipc_r28_v5_remeasure\local_data\tc_public\tc_public_25\input.blif,submit\results\final_public\tc_public_25\output.blif,results_research\R29_postpass_matrix_v6\full30\runs\r29_mfs_fraig_dc2_bal\tc_public_25\output.blif,results_research\R29_postpass_matrix_v6\full30\runs\r29_mfs_fraig_dc2_bal\tc_public_25
tc_public_25,r29_mfs_fraig_dc2_rwz_bal,mfs; fraig; dc2; rewrite -z; balance,default,dc2_fast@clean,clean,26,4,26,4,0,0,no_node_gain,True,0,False,False,0,0.104511,0.048254,0.048355,7.91,C:\Users\yy257\cpipc_r28_v5_remeasure\local_data\tc_public\tc_public_25\input.blif,submit\results\final_public\tc_public_25\output.blif,results_research\R29_postpass_matrix_v6\full30\runs\r29_mfs_fraig_dc2_rwz_bal\tc_public_25\output.blif,results_research\R29_postpass_matrix_v6\full30\runs\r29_mfs_fraig_dc2_rwz_bal\tc_public_25
tc_public_25,r29_mfs_strash_dc2_rwz_bal,mfs; strash; dc2; rewrite -z; balance,default,dc2_fast@clean,clean,26,4,26,4,0,0,no_node_gain,True,0,False,False,0,0.101741,0.050911,0.037412,7.789,C:\Users\yy257\cpipc_r28_v5_remeasure\local_data\tc_public\tc_public_25\input.blif,submit\results\final_public\tc_public_25\output.blif,results_research\R29_postpass_matrix_v6\full30\runs\r29_mfs_strash_dc2_rwz_bal\tc_public_25\output.blif,results_research\R29_postpass_matrix_v6\full30\runs\r29_mfs_strash_dc2_rwz_bal\tc_public_25
tc_public_26,r29_fraig_dc2_bal,fraig; dc2; balance,r25_dsd_medium_small_pi_medium_po_shared,r25_dsd_dch_cleanup@inputs+r28_r27_mfs_fraig_dc2_bal,inputs,449,10,449,10,0,0,no_node_gain,True,0,False,False,0,0.051465,0.079456,0.037682,6.812,C:\Users\yy257\cpipc_r28_v5_remeasure\local_data\tc_public\tc_public_26\input.blif,submit\results\final_public\tc_public_26\output.blif,results_research\R29_postpass_matrix_v6\full30\runs\r29_fraig_dc2_bal\tc_public_26\output.blif,results_research\R29_postpass_matrix_v6\full30\runs\r29_fraig_dc2_bal\tc_public_26
tc_public_26,r29_mfs_fraig_dc2_bal,mfs; fraig; dc2; balance,r25_dsd_medium_small_pi_medium_po_shared,r25_dsd_dch_cleanup@inputs+r28_r27_mfs_fraig_dc2_bal,inputs,449,10,449,10,0,0,no_node_gain,True,0,False,False,0,0.332694,0.07573,0.035618,10.137,C:\Users\yy257\cpipc_r28_v5_remeasure\local_data\tc_public\tc_public_26\input.blif,submit\results\final_public\tc_public_26\output.blif,results_research\R29_postpass_matrix_v6\full30\runs\r29_mfs_fraig_dc2_bal\tc_public_26\output.blif,results_research\R29_postpass_matrix_v6\full30\runs\r29_mfs_fraig_dc2_bal\tc_public_26
tc_public_26,r29_mfs_fraig_dc2_rwz_bal,mfs; fraig; dc2; rewrite -z; balance,r25_dsd_medium_small_pi_medium_po_shared,r25_dsd_dch_cleanup@inputs+r28_r27_mfs_fraig_dc2_bal,inputs,449,10,449,10,0,0,no_node_gain,True,0,False,False,0,0.37054,0.069097,0.045888,9.836,C:\Users\yy257\cpipc_r28_v5_remeasure\local_data\tc_public\tc_public_26\input.blif,submit\results\final_public\tc_public_26\output.blif,results_research\R29_postpass_matrix_v6\full30\runs\r29_mfs_fraig_dc2_rwz_bal\tc_public_26\output.blif,results_research\R29_postpass_matrix_v6\full30\runs\r29_mfs_fraig_dc2_rwz_bal\tc_public_26
tc_public_26,r29_mfs_strash_dc2_rwz_bal,mfs; strash; dc2; rewrite -z; balance,r25_dsd_medium_small_pi_medium_po_shared,r25_dsd_dch_cleanup@inputs+r28_r27_mfs_fraig_dc2_bal,inputs,449,10,449,10,0,0,no_node_gain,True,0,False,False,0,0.365418,0.067131,0.036066,10.16,C:\Users\yy257\cpipc_r28_v5_remeasure\local_data\tc_public\tc_public_26\input.blif,submit\results\final_public\tc_public_26\output.blif,results_research\R29_postpass_matrix_v6\full30\runs\r29_mfs_strash_dc2_rwz_bal\tc_public_26\output.blif,results_research\R29_postpass_matrix_v6\full30\runs\r29_mfs_strash_dc2_rwz_bal\tc_public_26
tc_public_27,r29_fraig_dc2_bal,fraig; dc2; balance,default,dc2_fast@clean,clean,376,7,376,7,0,0,no_node_gain,True,0,False,False,0,0.05082,0.048886,0.045958,1.895,C:\Users\yy257\cpipc_r28_v5_remeasure\local_data\tc_public\tc_public_27\input.blif,submit\results\final_public\tc_public_27\output.blif,results_research\R29_postpass_matrix_v6\full30\runs\r29_fraig_dc2_bal\tc_public_27\output.blif,results_research\R29_postpass_matrix_v6\full30\runs\r29_fraig_dc2_bal\tc_public_27
tc_public_27,r29_mfs_fraig_dc2_bal,mfs; fraig; dc2; balance,default,dc2_fast@clean,clean,376,7,376,7,0,0,no_node_gain,True,0,False,False,0,0.240249,0.047371,0.035764,8.91,C:\Users\yy257\cpipc_r28_v5_remeasure\local_data\tc_public\tc_public_27\input.blif,submit\results\final_public\tc_public_27\output.blif,results_research\R29_postpass_matrix_v6\full30\runs\r29_mfs_fraig_dc2_bal\tc_public_27\output.blif,results_research\R29_postpass_matrix_v6\full30\runs\r29_mfs_fraig_dc2_bal\tc_public_27
tc_public_27,r29_mfs_fraig_dc2_rwz_bal,mfs; fraig; dc2; rewrite -z; balance,default,dc2_fast@clean,clean,376,7,376,7,0,0,no_node_gain,True,0,False,False,0,0.300188,0.072507,0.03812,8.973,C:\Users\yy257\cpipc_r28_v5_remeasure\local_data\tc_public\tc_public_27\input.blif,submit\results\final_public\tc_public_27\output.blif,results_research\R29_postpass_matrix_v6\full30\runs\r29_mfs_fraig_dc2_rwz_bal\tc_public_27\output.blif,results_research\R29_postpass_matrix_v6\full30\runs\r29_mfs_fraig_dc2_rwz_bal\tc_public_27
tc_public_27,r29_mfs_strash_dc2_rwz_bal,mfs; strash; dc2; rewrite -z; balance,default,dc2_fast@clean,clean,376,7,376,7,0,0,no_node_gain,True,0,False,False,0,0.305578,0.051036,0.037393,8.855,C:\Users\yy257\cpipc_r28_v5_remeasure\local_data\tc_public\tc_public_27\input.blif,submit\results\final_public\tc_public_27\output.blif,results_research\R29_postpass_matrix_v6\full30\runs\r29_mfs_strash_dc2_rwz_bal\tc_public_27\output.blif,results_research\R29_postpass_matrix_v6\full30\runs\r29_mfs_strash_dc2_rwz_bal\tc_public_27
tc_public_28,r29_fraig_dc2_bal,fraig; dc2; balance,r25_dsd_small_small_pi_small_po_shared_dup,r25_dsd_dch_cleanup@clean,clean,258,8,258,8,0,0,no_node_gain,True,0,False,False,0,0.048292,0.050819,0.037017,1.891,C:\Users\yy257\cpipc_r28_v5_remeasure\local_data\tc_public\tc_public_28\input.blif,submit\results\final_public\tc_public_28\output.blif,results_research\R29_postpass_matrix_v6\full30\runs\r29_fraig_dc2_bal\tc_public_28\output.blif,results_research\R29_postpass_matrix_v6\full30\runs\r29_fraig_dc2_bal\tc_public_28
tc_public_28,r29_mfs_fraig_dc2_bal,mfs; fraig; dc2; balance,r25_dsd_small_small_pi_small_po_shared_dup,r25_dsd_dch_cleanup@clean,clean,258,8,258,8,0,0,no_node_gain,True,0,False,False,0,0.192384,0.050807,0.039159,8.73,C:\Users\yy257\cpipc_r28_v5_remeasure\local_data\tc_public\tc_public_28\input.blif,submit\results\final_public\tc_public_28\output.blif,results_research\R29_postpass_matrix_v6\full30\runs\r29_mfs_fraig_dc2_bal\tc_public_28\output.blif,results_research\R29_postpass_matrix_v6\full30\runs\r29_mfs_fraig_dc2_bal\tc_public_28
tc_public_28,r29_mfs_fraig_dc2_rwz_bal,mfs; fraig; dc2; rewrite -z; balance,r25_dsd_small_small_pi_small_po_shared_dup,r25_dsd_dch_cleanup@clean,clean,258,8,258,8,0,0,no_node_gain,True,0,False,False,0,0.25463,0.051014,0.038429,8.871,C:\Users\yy257\cpipc_r28_v5_remeasure\local_data\tc_public\tc_public_28\input.blif,submit\results\final_public\tc_public_28\output.blif,results_research\R29_postpass_matrix_v6\full30\runs\r29_mfs_fraig_dc2_rwz_bal\tc_public_28\output.blif,results_research\R29_postpass_matrix_v6\full30\runs\r29_mfs_fraig_dc2_rwz_bal\tc_public_28
tc_public_28,r29_mfs_strash_dc2_rwz_bal,mfs; strash; dc2; rewrite -z; balance,r25_dsd_small_small_pi_small_po_shared_dup,r25_dsd_dch_cleanup@clean,clean,258,8,258,8,0,0,no_node_gain,True,0,False,False,0,0.256943,0.052695,0.039178,8.852,C:\Users\yy257\cpipc_r28_v5_remeasure\local_data\tc_public\tc_public_28\input.blif,submit\results\final_public\tc_public_28\output.blif,results_research\R29_postpass_matrix_v6\full30\runs\r29_mfs_strash_dc2_rwz_bal\tc_public_28\output.blif,results_research\R29_postpass_matrix_v6\full30\runs\r29_mfs_strash_dc2_rwz_bal\tc_public_28
tc_public_29,r29_fraig_dc2_bal,fraig; dc2; balance,r11_deepsyn_small_small_pi_small_po,r11_gia_deepsyn_tiny@inputs,inputs,97,6,97,6,0,0,no_node_gain,True,0,False,False,0,0.054338,0.052438,0.037424,1.91,C:\Users\yy257\cpipc_r28_v5_remeasure\local_data\tc_public\tc_public_29\input.blif,submit\results\final_public\tc_public_29\output.blif,results_research\R29_postpass_matrix_v6\full30\runs\r29_fraig_dc2_bal\tc_public_29\output.blif,results_research\R29_postpass_matrix_v6\full30\runs\r29_fraig_dc2_bal\tc_public_29
tc_public_29,r29_mfs_fraig_dc2_bal,mfs; fraig; dc2; balance,r11_deepsyn_small_small_pi_small_po,r11_gia_deepsyn_tiny@inputs,inputs,97,6,97,6,0,0,no_node_gain,True,0,False,False,0,0.106507,0.051163,0.038634,8.742,C:\Users\yy257\cpipc_r28_v5_remeasure\local_data\tc_public\tc_public_29\input.blif,submit\results\final_public\tc_public_29\output.blif,results_research\R29_postpass_matrix_v6\full30\runs\r29_mfs_fraig_dc2_bal\tc_public_29\output.blif,results_research\R29_postpass_matrix_v6\full30\runs\r29_mfs_fraig_dc2_bal\tc_public_29
tc_public_29,r29_mfs_fraig_dc2_rwz_bal,mfs; fraig; dc2; rewrite -z; balance,r11_deepsyn_small_small_pi_small_po,r11_gia_deepsyn_tiny@inputs,inputs,97,6,97,6,0,0,no_node_gain,True,0,False,False,0,0.143275,0.037773,0.049015,8.102,C:\Users\yy257\cpipc_r28_v5_remeasure\local_data\tc_public\tc_public_29\input.blif,submit\results\final_public\tc_public_29\output.blif,results_research\R29_postpass_matrix_v6\full30\runs\r29_mfs_fraig_dc2_rwz_bal\tc_public_29\output.blif,results_research\R29_postpass_matrix_v6\full30\runs\r29_mfs_fraig_dc2_rwz_bal\tc_public_29
tc_public_29,r29_mfs_strash_dc2_rwz_bal,mfs; strash; dc2; rewrite -z; balance,r11_deepsyn_small_small_pi_small_po,r11_gia_deepsyn_tiny@inputs,inputs,97,6,97,6,0,0,no_node_gain,True,0,False,False,0,0.155961,0.038914,0.037376,8.66,C:\Users\yy257\cpipc_r28_v5_remeasure\local_data\tc_public\tc_public_29\input.blif,submit\results\final_public\tc_public_29\output.blif,results_research\R29_postpass_matrix_v6\full30\runs\r29_mfs_strash_dc2_rwz_bal\tc_public_29\output.blif,results_research\R29_postpass_matrix_v6\full30\runs\r29_mfs_strash_dc2_rwz_bal\tc_public_29
tc_public_3,r29_fraig_dc2_bal,fraig; dc2; balance,r11_deepsyn_tiny_high_sop_small_po,r11_gia_deepsyn_tiny@clean,clean,94,8,94,8,0,0,no_node_gain,True,0,False,False,0,0.038979,0.086241,0.038589,7.523,C:\Users\yy257\cpipc_r28_v5_remeasure\local_data\tc_public\tc_public_3\input.blif,submit\results\final_public\tc_public_3\output.blif,results_research\R29_postpass_matrix_v6\full30\runs\r29_fraig_dc2_bal\tc_public_3\output.blif,results_research\R29_postpass_matrix_v6\full30\runs\r29_fraig_dc2_bal\tc_public_3
tc_public_3,r29_mfs_fraig_dc2_bal,mfs; fraig; dc2; balance,r11_deepsyn_tiny_high_sop_small_po,r11_gia_deepsyn_tiny@clean,clean,94,8,94,8,0,0,no_node_gain,True,0,False,False,0,0.10946,0.104003,0.037666,8.656,C:\Users\yy257\cpipc_r28_v5_remeasure\local_data\tc_public\tc_public_3\input.blif,submit\results\final_public\tc_public_3\output.blif,results_research\R29_postpass_matrix_v6\full30\runs\r29_mfs_fraig_dc2_bal\tc_public_3\output.blif,results_research\R29_postpass_matrix_v6\full30\runs\r29_mfs_fraig_dc2_bal\tc_public_3
tc_public_3,r29_mfs_fraig_dc2_rwz_bal,mfs; fraig; dc2; rewrite -z; balance,r11_deepsyn_tiny_high_sop_small_po,r11_gia_deepsyn_tiny@clean,clean,94,8,94,8,0,0,no_node_gain,True,0,False,False,0,0.153716,0.084997,0.039005,8.203,C:\Users\yy257\cpipc_r28_v5_remeasure\local_data\tc_public\tc_public_3\input.blif,submit\results\final_public\tc_public_3\output.blif,results_research\R29_postpass_matrix_v6\full30\runs\r29_mfs_fraig_dc2_rwz_bal\tc_public_3\output.blif,results_research\R29_postpass_matrix_v6\full30\runs\r29_mfs_fraig_dc2_rwz_bal\tc_public_3
tc_public_3,r29_mfs_strash_dc2_rwz_bal,mfs; strash; dc2; rewrite -z; balance,r11_deepsyn_tiny_high_sop_small_po,r11_gia_deepsyn_tiny@clean,clean,94,8,94,8,0,0,no_node_gain,True,0,False,False,0,0.15166,0.102928,0.036139,8.699,C:\Users\yy257\cpipc_r28_v5_remeasure\local_data\tc_public\tc_public_3\input.blif,submit\results\final_public\tc_public_3\output.blif,results_research\R29_postpass_matrix_v6\full30\runs\r29_mfs_strash_dc2_rwz_bal\tc_public_3\output.blif,results_research\R29_postpass_matrix_v6\full30\runs\r29_mfs_strash_dc2_rwz_bal\tc_public_3
tc_public_30,r29_fraig_dc2_bal,fraig; dc2; balance,r25_dsd_large_tiny_pi_small_po_shared,r25_dsd_dch_cleanup@inputs+r28_r27_mfs_fraig_dc2_bal,inputs,392,12,381,13,-11,1,level_regression,True,0,False,False,0,0.054089,1.880977,0.03621,28.625,C:\Users\yy257\cpipc_r28_v5_remeasure\local_data\tc_public\tc_public_30\input.blif,submit\results\final_public\tc_public_30\output.blif,results_research\R29_postpass_matrix_v6\full30\runs\r29_fraig_dc2_bal\tc_public_30\output.blif,results_research\R29_postpass_matrix_v6\full30\runs\r29_fraig_dc2_bal\tc_public_30
tc_public_30,r29_mfs_fraig_dc2_bal,mfs; fraig; dc2; balance,r25_dsd_large_tiny_pi_small_po_shared,r25_dsd_dch_cleanup@inputs+r28_r27_mfs_fraig_dc2_bal,inputs,392,12,377,13,-15,1,level_regression,True,0,False,False,0,0.438206,1.851707,0.038435,27.035,C:\Users\yy257\cpipc_r28_v5_remeasure\local_data\tc_public\tc_public_30\input.blif,submit\results\final_public\tc_public_30\output.blif,results_research\R29_postpass_matrix_v6\full30\runs\r29_mfs_fraig_dc2_bal\tc_public_30\output.blif,results_research\R29_postpass_matrix_v6\full30\runs\r29_mfs_fraig_dc2_bal\tc_public_30
tc_public_30,r29_mfs_fraig_dc2_rwz_bal,mfs; fraig; dc2; rewrite -z; balance,r25_dsd_large_tiny_pi_small_po_shared,r25_dsd_dch_cleanup@inputs+r28_r27_mfs_fraig_dc2_bal,inputs,392,12,377,13,-15,1,level_regression,True,0,False,False,0,0.510328,1.836735,0.035999,26.676,C:\Users\yy257\cpipc_r28_v5_remeasure\local_data\tc_public\tc_public_30\input.blif,submit\results\final_public\tc_public_30\output.blif,results_research\R29_postpass_matrix_v6\full30\runs\r29_mfs_fraig_dc2_rwz_bal\tc_public_30\output.blif,results_research\R29_postpass_matrix_v6\full30\runs\r29_mfs_fraig_dc2_rwz_bal\tc_public_30
tc_public_30,r29_mfs_strash_dc2_rwz_bal,mfs; strash; dc2; rewrite -z; balance,r25_dsd_large_tiny_pi_small_po_shared,r25_dsd_dch_cleanup@inputs+r28_r27_mfs_fraig_dc2_bal,inputs,392,12,377,13,-15,1,level_regression,True,0,False,False,0,0.509049,1.827647,0.035868,26.965,C:\Users\yy257\cpipc_r28_v5_remeasure\local_data\tc_public\tc_public_30\input.blif,submit\results\final_public\tc_public_30\output.blif,results_research\R29_postpass_matrix_v6\full30\runs\r29_mfs_strash_dc2_rwz_bal\tc_public_30\output.blif,results_research\R29_postpass_matrix_v6\full30\runs\r29_mfs_strash_dc2_rwz_bal\tc_public_30
tc_public_4,r29_fraig_dc2_bal,fraig; dc2; balance,r11_deepsyn_tiny_high_sop_small_po,r11_gia_deepsyn_tiny@inputs,inputs,61,8,61,9,0,1,no_node_gain,True,0,False,False,0,0.048278,0.084512,0.038369,7.52,C:\Users\yy257\cpipc_r28_v5_remeasure\local_data\tc_public\tc_public_4\input.blif,submit\results\final_public\tc_public_4\output.blif,results_research\R29_postpass_matrix_v6\full30\runs\r29_fraig_dc2_bal\tc_public_4\output.blif,results_research\R29_postpass_matrix_v6\full30\runs\r29_fraig_dc2_bal\tc_public_4
tc_public_4,r29_mfs_fraig_dc2_bal,mfs; fraig; dc2; balance,r11_deepsyn_tiny_high_sop_small_po,r11_gia_deepsyn_tiny@inputs,inputs,61,8,61,9,0,1,no_node_gain,True,0,False,False,0,0.082732,0.085537,0.037197,7.52,C:\Users\yy257\cpipc_r28_v5_remeasure\local_data\tc_public\tc_public_4\input.blif,submit\results\final_public\tc_public_4\output.blif,results_research\R29_postpass_matrix_v6\full30\runs\r29_mfs_fraig_dc2_bal\tc_public_4\output.blif,results_research\R29_postpass_matrix_v6\full30\runs\r29_mfs_fraig_dc2_bal\tc_public_4
tc_public_4,r29_mfs_fraig_dc2_rwz_bal,mfs; fraig; dc2; rewrite -z; balance,r11_deepsyn_tiny_high_sop_small_po,r11_gia_deepsyn_tiny@inputs,inputs,61,8,61,9,0,1,no_node_gain,True,0,False,False,0,0.142555,0.104025,0.049061,7.988,C:\Users\yy257\cpipc_r28_v5_remeasure\local_data\tc_public\tc_public_4\input.blif,submit\results\final_public\tc_public_4\output.blif,results_research\R29_postpass_matrix_v6\full30\runs\r29_mfs_fraig_dc2_rwz_bal\tc_public_4\output.blif,results_research\R29_postpass_matrix_v6\full30\runs\r29_mfs_fraig_dc2_rwz_bal\tc_public_4
tc_public_4,r29_mfs_strash_dc2_rwz_bal,mfs; strash; dc2; rewrite -z; balance,r11_deepsyn_tiny_high_sop_small_po,r11_gia_deepsyn_tiny@inputs,inputs,61,8,61,9,0,1,no_node_gain,True,0,False,False,0,0.13866,0.082766,0.038255,8.605,C:\Users\yy257\cpipc_r28_v5_remeasure\local_data\tc_public\tc_public_4\input.blif,submit\results\final_public\tc_public_4\output.blif,results_research\R29_postpass_matrix_v6\full30\runs\r29_mfs_strash_dc2_rwz_bal\tc_public_4\output.blif,results_research\R29_postpass_matrix_v6\full30\runs\r29_mfs_strash_dc2_rwz_bal\tc_public_4
tc_public_5,r29_fraig_dc2_bal,fraig; dc2; balance,default,dc2_fast@clean,clean,65,2,65,2,0,0,no_node_gain,True,0,False,False,0,0.050761,0.038561,0.038184,1.895,C:\Users\yy257\cpipc_r28_v5_remeasure\local_data\tc_public\tc_public_5\input.blif,submit\results\final_public\tc_public_5\output.blif,results_research\R29_postpass_matrix_v6\full30\runs\r29_fraig_dc2_bal\tc_public_5\output.blif,results_research\R29_postpass_matrix_v6\full30\runs\r29_fraig_dc2_bal\tc_public_5
tc_public_5,r29_mfs_fraig_dc2_bal,mfs; fraig; dc2; balance,default,dc2_fast@clean,clean,65,2,65,2,0,0,no_node_gain,True,0,False,False,0,0.086826,0.037947,0.039532,7.262,C:\Users\yy257\cpipc_r28_v5_remeasure\local_data\tc_public\tc_public_5\input.blif,submit\results\final_public\tc_public_5\output.blif,results_research\R29_postpass_matrix_v6\full30\runs\r29_mfs_fraig_dc2_bal\tc_public_5\output.blif,results_research\R29_postpass_matrix_v6\full30\runs\r29_mfs_fraig_dc2_bal\tc_public_5
tc_public_5,r29_mfs_fraig_dc2_rwz_bal,mfs; fraig; dc2; rewrite -z; balance,default,dc2_fast@clean,clean,65,2,65,2,0,0,no_node_gain,True,0,False,False,0,0.14038,0.038222,0.038413,8.332,C:\Users\yy257\cpipc_r28_v5_remeasure\local_data\tc_public\tc_public_5\input.blif,submit\results\final_public\tc_public_5\output.blif,results_research\R29_postpass_matrix_v6\full30\runs\r29_mfs_fraig_dc2_rwz_bal\tc_public_5\output.blif,results_research\R29_postpass_matrix_v6\full30\runs\r29_mfs_fraig_dc2_rwz_bal\tc_public_5
tc_public_5,r29_mfs_strash_dc2_rwz_bal,mfs; strash; dc2; rewrite -z; balance,default,dc2_fast@clean,clean,65,2,65,2,0,0,no_node_gain,True,0,False,False,0,0.120533,0.050996,0.039267,8.195,C:\Users\yy257\cpipc_r28_v5_remeasure\local_data\tc_public\tc_public_5\input.blif,submit\results\final_public\tc_public_5\output.blif,results_research\R29_postpass_matrix_v6\full30\runs\r29_mfs_strash_dc2_rwz_bal\tc_public_5\output.blif,results_research\R29_postpass_matrix_v6\full30\runs\r29_mfs_strash_dc2_rwz_bal\tc_public_5
tc_public_6,r29_fraig_dc2_bal,fraig; dc2; balance,tiny_high_fanin_sop,sop_fx@clean,clean,162,4,162,4,0,0,no_node_gain,True,0,False,False,0,0.052777,0.086251,0.037882,7.887,C:\Users\yy257\cpipc_r28_v5_remeasure\local_data\tc_public\tc_public_6\input.blif,submit\results\final_public\tc_public_6\output.blif,results_research\R29_postpass_matrix_v6\full30\runs\r29_fraig_dc2_bal\tc_public_6\output.blif,results_research\R29_postpass_matrix_v6\full30\runs\r29_fraig_dc2_bal\tc_public_6
tc_public_6,r29_mfs_fraig_dc2_bal,mfs; fraig; dc2; balance,tiny_high_fanin_sop,sop_fx@clean,clean,162,4,162,4,0,0,no_node_gain,True,0,False,False,0,0.143083,0.084778,0.051037,8.68,C:\Users\yy257\cpipc_r28_v5_remeasure\local_data\tc_public\tc_public_6\input.blif,submit\results\final_public\tc_public_6\output.blif,results_research\R29_postpass_matrix_v6\full30\runs\r29_mfs_fraig_dc2_bal\tc_public_6\output.blif,results_research\R29_postpass_matrix_v6\full30\runs\r29_mfs_fraig_dc2_bal\tc_public_6
tc_public_6,r29_mfs_fraig_dc2_rwz_bal,mfs; fraig; dc2; rewrite -z; balance,tiny_high_fanin_sop,sop_fx@clean,clean,162,4,162,4,0,0,no_node_gain,True,0,False,False,0,0.190682,0.106215,0.037985,8.492,C:\Users\yy257\cpipc_r28_v5_remeasure\local_data\tc_public\tc_public_6\input.blif,submit\results\final_public\tc_public_6\output.blif,results_research\R29_postpass_matrix_v6\full30\runs\r29_mfs_fraig_dc2_rwz_bal\tc_public_6\output.blif,results_research\R29_postpass_matrix_v6\full30\runs\r29_mfs_fraig_dc2_rwz_bal\tc_public_6
tc_public_6,r29_mfs_strash_dc2_rwz_bal,mfs; strash; dc2; rewrite -z; balance,tiny_high_fanin_sop,sop_fx@clean,clean,162,4,162,4,0,0,no_node_gain,True,0,False,False,0,0.187649,0.101047,0.038731,8.82,C:\Users\yy257\cpipc_r28_v5_remeasure\local_data\tc_public\tc_public_6\input.blif,submit\results\final_public\tc_public_6\output.blif,results_research\R29_postpass_matrix_v6\full30\runs\r29_mfs_strash_dc2_rwz_bal\tc_public_6\output.blif,results_research\R29_postpass_matrix_v6\full30\runs\r29_mfs_strash_dc2_rwz_bal\tc_public_6
tc_public_7,r29_fraig_dc2_bal,fraig; dc2; balance,r11_deepsyn_small_high_sop_low_two,r11_gia_deepsyn_tiny@clean,clean,191,3,191,3,0,0,no_node_gain,True,0,False,False,0,0.048084,0.102151,0.038521,7.848,C:\Users\yy257\cpipc_r28_v5_remeasure\local_data\tc_public\tc_public_7\input.blif,submit\results\final_public\tc_public_7\output.blif,results_research\R29_postpass_matrix_v6\full30\runs\r29_fraig_dc2_bal\tc_public_7\output.blif,results_research\R29_postpass_matrix_v6\full30\runs\r29_fraig_dc2_bal\tc_public_7
tc_public_7,r29_mfs_fraig_dc2_bal,mfs; fraig; dc2; balance,r11_deepsyn_small_high_sop_low_two,r11_gia_deepsyn_tiny@clean,clean,191,3,191,3,0,0,no_node_gain,True,0,False,False,0,0.152298,0.100281,0.036299,8.785,C:\Users\yy257\cpipc_r28_v5_remeasure\local_data\tc_public\tc_public_7\input.blif,submit\results\final_public\tc_public_7\output.blif,results_research\R29_postpass_matrix_v6\full30\runs\r29_mfs_fraig_dc2_bal\tc_public_7\output.blif,results_research\R29_postpass_matrix_v6\full30\runs\r29_mfs_fraig_dc2_bal\tc_public_7
tc_public_7,r29_mfs_fraig_dc2_rwz_bal,mfs; fraig; dc2; rewrite -z; balance,r11_deepsyn_small_high_sop_low_two,r11_gia_deepsyn_tiny@clean,clean,191,3,191,3,0,0,no_node_gain,True,0,False,False,0,0.202377,0.09985,0.03591,8.797,C:\Users\yy257\cpipc_r28_v5_remeasure\local_data\tc_public\tc_public_7\input.blif,submit\results\final_public\tc_public_7\output.blif,results_research\R29_postpass_matrix_v6\full30\runs\r29_mfs_fraig_dc2_rwz_bal\tc_public_7\output.blif,results_research\R29_postpass_matrix_v6\full30\runs\r29_mfs_fraig_dc2_rwz_bal\tc_public_7
tc_public_7,r29_mfs_strash_dc2_rwz_bal,mfs; strash; dc2; rewrite -z; balance,r11_deepsyn_small_high_sop_low_two,r11_gia_deepsyn_tiny@clean,clean,191,3,191,3,0,0,no_node_gain,True,0,False,False,0,0.199811,0.098134,0.035664,8.77,C:\Users\yy257\cpipc_r28_v5_remeasure\local_data\tc_public\tc_public_7\input.blif,submit\results\final_public\tc_public_7\output.blif,results_research\R29_postpass_matrix_v6\full30\runs\r29_mfs_strash_dc2_rwz_bal\tc_public_7\output.blif,results_research\R29_postpass_matrix_v6\full30\runs\r29_mfs_strash_dc2_rwz_bal\tc_public_7
tc_public_8,r29_fraig_dc2_bal,fraig; dc2; balance,tiny_high_fanin_sop,sop_fx@clean,clean,193,3,192,4,-1,1,level_regression,True,0,False,False,0,0.047361,0.102065,0.036627,7.895,C:\Users\yy257\cpipc_r28_v5_remeasure\local_data\tc_public\tc_public_8\input.blif,submit\results\final_public\tc_public_8\output.blif,results_research\R29_postpass_matrix_v6\full30\runs\r29_fraig_dc2_bal\tc_public_8\output.blif,results_research\R29_postpass_matrix_v6\full30\runs\r29_fraig_dc2_bal\tc_public_8
tc_public_8,r29_mfs_fraig_dc2_bal,mfs; fraig; dc2; balance,tiny_high_fanin_sop,sop_fx@clean,clean,193,3,192,4,-1,1,level_regression,True,0,False,False,0,0.13703,0.101262,0.038045,8.777,C:\Users\yy257\cpipc_r28_v5_remeasure\local_data\tc_public\tc_public_8\input.blif,submit\results\final_public\tc_public_8\output.blif,results_research\R29_postpass_matrix_v6\full30\runs\r29_mfs_fraig_dc2_bal\tc_public_8\output.blif,results_research\R29_postpass_matrix_v6\full30\runs\r29_mfs_fraig_dc2_bal\tc_public_8
tc_public_8,r29_mfs_fraig_dc2_rwz_bal,mfs; fraig; dc2; rewrite -z; balance,tiny_high_fanin_sop,sop_fx@clean,clean,193,3,192,4,-1,1,level_regression,True,0,False,False,0,0.197904,0.10107,0.035009,8.781,C:\Users\yy257\cpipc_r28_v5_remeasure\local_data\tc_public\tc_public_8\input.blif,submit\results\final_public\tc_public_8\output.blif,results_research\R29_postpass_matrix_v6\full30\runs\r29_mfs_fraig_dc2_rwz_bal\tc_public_8\output.blif,results_research\R29_postpass_matrix_v6\full30\runs\r29_mfs_fraig_dc2_rwz_bal\tc_public_8
tc_public_8,r29_mfs_strash_dc2_rwz_bal,mfs; strash; dc2; rewrite -z; balance,tiny_high_fanin_sop,sop_fx@clean,clean,193,3,192,4,-1,1,level_regression,True,0,False,False,0,0.201365,0.097892,0.03857,8.793,C:\Users\yy257\cpipc_r28_v5_remeasure\local_data\tc_public\tc_public_8\input.blif,submit\results\final_public\tc_public_8\output.blif,results_research\R29_postpass_matrix_v6\full30\runs\r29_mfs_strash_dc2_rwz_bal\tc_public_8\output.blif,results_research\R29_postpass_matrix_v6\full30\runs\r29_mfs_strash_dc2_rwz_bal\tc_public_8
tc_public_9,r29_fraig_dc2_bal,fraig; dc2; balance,r11_deepsyn_tiny_high_sop_medium_po,r11_gia_deepsyn_tiny@clean,clean,194,4,194,4,0,0,no_node_gain,True,0,False,False,0,0.060987,0.100335,0.03645,7.766,C:\Users\yy257\cpipc_r28_v5_remeasure\local_data\tc_public\tc_public_9\input.blif,submit\results\final_public\tc_public_9\output.blif,results_research\R29_postpass_matrix_v6\full30\runs\r29_fraig_dc2_bal\tc_public_9\output.blif,results_research\R29_postpass_matrix_v6\full30\runs\r29_fraig_dc2_bal\tc_public_9
tc_public_9,r29_mfs_fraig_dc2_bal,mfs; fraig; dc2; balance,r11_deepsyn_tiny_high_sop_medium_po,r11_gia_deepsyn_tiny@clean,clean,194,4,194,4,0,0,no_node_gain,True,0,False,False,0,0.160229,0.102131,0.035833,7.883,C:\Users\yy257\cpipc_r28_v5_remeasure\local_data\tc_public\tc_public_9\input.blif,submit\results\final_public\tc_public_9\output.blif,results_research\R29_postpass_matrix_v6\full30\runs\r29_mfs_fraig_dc2_bal\tc_public_9\output.blif,results_research\R29_postpass_matrix_v6\full30\runs\r29_mfs_fraig_dc2_bal\tc_public_9
tc_public_9,r29_mfs_fraig_dc2_rwz_bal,mfs; fraig; dc2; rewrite -z; balance,r11_deepsyn_tiny_high_sop_medium_po,r11_gia_deepsyn_tiny@clean,clean,194,4,194,4,0,0,no_node_gain,True,0,False,False,0,0.196985,0.101871,0.038423,8.793,C:\Users\yy257\cpipc_r28_v5_remeasure\local_data\tc_public\tc_public_9\input.blif,submit\results\final_public\tc_public_9\output.blif,results_research\R29_postpass_matrix_v6\full30\runs\r29_mfs_fraig_dc2_rwz_bal\tc_public_9\output.blif,results_research\R29_postpass_matrix_v6\full30\runs\r29_mfs_fraig_dc2_rwz_bal\tc_public_9
tc_public_9,r29_mfs_strash_dc2_rwz_bal,mfs; strash; dc2; rewrite -z; balance,r11_deepsyn_tiny_high_sop_medium_po,r11_gia_deepsyn_tiny@clean,clean,194,4,194,4,0,0,no_node_gain,True,0,False,False,0,0.201237,0.111828,0.038111,8.789,C:\Users\yy257\cpipc_r28_v5_remeasure\local_data\tc_public\tc_public_9\input.blif,submit\results\final_public\tc_public_9\output.blif,results_research\R29_postpass_matrix_v6\full30\runs\r29_mfs_strash_dc2_rwz_bal\tc_public_9\output.blif,results_research\R29_postpass_matrix_v6\full30\runs\r29_mfs_strash_dc2_rwz_bal\tc_public_9
