command,available,generation_status,failure_category,failure_reason,context_note,context_sensitive,returncode,timed_out,runtime_sec,probe_command,stdout_excerpt,stderr_excerpt
rewrite,true,enabled,,,AIG context,false,0,false,1.000754,"read_blif ""data/tc_public/tc_public_1/input.blif""; strash; rewrite; ps","======== ABC command line ""read_blif ""data/tc_public/tc_public_1/input.blif""; strash; rewrite; ps"" Cannot open file ""abc.rc"". Cannot open file ""..\abc.rc"". Cannot open file ""..\..\abc.rc"". netlist : i/o = 10/ 8 lat = 0 and = 167 lev = 11",
rewrite -z,true,enabled,,,AIG context,false,0,false,0.077737,"read_blif ""data/tc_public/tc_public_1/input.blif""; strash; rewrite -z; ps","======== ABC command line ""read_blif ""data/tc_public/tc_public_1/input.blif""; strash; rewrite -z; ps"" Cannot open file ""abc.rc"". Cannot open file ""..\abc.rc"". Cannot open file ""..\..\abc.rc"". netlist : i/o = 10/ 8 lat = 0 and = 156 lev = 10",
refactor,true,enabled,,,AIG context,false,0,false,0.070805,"read_blif ""data/tc_public/tc_public_1/input.blif""; strash; refactor; ps","======== ABC command line ""read_blif ""data/tc_public/tc_public_1/input.blif""; strash; refactor; ps"" Cannot open file ""abc.rc"". Cannot open file ""..\abc.rc"". Cannot open file ""..\..\abc.rc"". netlist : i/o = 10/ 8 lat = 0 and = 197 lev = 13",
refactor -z,true,enabled,,,AIG context,false,0,false,0.074805,"read_blif ""data/tc_public/tc_public_1/input.blif""; strash; refactor -z; ps","======== ABC command line ""read_blif ""data/tc_public/tc_public_1/input.blif""; strash; refactor -z; ps"" Cannot open file ""abc.rc"". Cannot open file ""..\abc.rc"". Cannot open file ""..\..\abc.rc"". netlist : i/o = 10/ 8 lat = 0 and = 196 lev = 1",
resub,true,enabled,,,AIG context,false,0,false,0.069015,"read_blif ""data/tc_public/tc_public_1/input.blif""; strash; resub; ps","======== ABC command line ""read_blif ""data/tc_public/tc_public_1/input.blif""; strash; resub; ps"" Cannot open file ""abc.rc"". Cannot open file ""..\abc.rc"". Cannot open file ""..\..\abc.rc"". netlist : i/o = 10/ 8 lat = 0 and = 179 lev = 13",
resub -z,true,enabled,,,AIG context,false,0,false,0.068177,"read_blif ""data/tc_public/tc_public_1/input.blif""; strash; resub -z; ps","======== ABC command line ""read_blif ""data/tc_public/tc_public_1/input.blif""; strash; resub -z; ps"" Cannot open file ""abc.rc"". Cannot open file ""..\abc.rc"". Cannot open file ""..\..\abc.rc"". netlist : i/o = 10/ 8 lat = 0 and = 179 lev = 13",
dc2,true,enabled,,,AIG context,false,0,false,0.070946,"read_blif ""data/tc_public/tc_public_1/input.blif""; strash; dc2; ps","======== ABC command line ""read_blif ""data/tc_public/tc_public_1/input.blif""; strash; dc2; ps"" Cannot open file ""abc.rc"". Cannot open file ""..\abc.rc"". Cannot open file ""..\..\abc.rc"". netlist : i/o = 10/ 8 lat = 0 and = 140 lev = 10",
dch,true,enabled,,,AIG context,false,0,false,0.076609,"read_blif ""data/tc_public/tc_public_1/input.blif""; strash; dch; ps","======== ABC command line ""read_blif ""data/tc_public/tc_public_1/input.blif""; strash; dch; ps"" Cannot open file ""abc.rc"". Cannot open file ""..\abc.rc"". Cannot open file ""..\..\abc.rc"". netlist : i/o = 10/ 8 lat = 0 and = 342 (choice = 43) l",
dch -f,true,enabled,,,AIG context,false,0,false,0.073307,"read_blif ""data/tc_public/tc_public_1/input.blif""; strash; dch -f; ps","======== ABC command line ""read_blif ""data/tc_public/tc_public_1/input.blif""; strash; dch -f; ps"" Cannot open file ""abc.rc"". Cannot open file ""..\abc.rc"". Cannot open file ""..\..\abc.rc"". netlist : i/o = 10/ 8 lat = 0 and = 336 (choice = 45",
fraig,true,enabled,,,AIG context,false,0,false,0.066782,"read_blif ""data/tc_public/tc_public_1/input.blif""; strash; fraig; ps","======== ABC command line ""read_blif ""data/tc_public/tc_public_1/input.blif""; strash; fraig; ps"" Cannot open file ""abc.rc"". Cannot open file ""..\abc.rc"". Cannot open file ""..\..\abc.rc"". netlist : i/o = 10/ 8 lat = 0 and = 204 lev = 13",
ifraig,true,enabled,,,AIG context,false,0,false,0.068151,"read_blif ""data/tc_public/tc_public_1/input.blif""; strash; ifraig; ps","======== ABC command line ""read_blif ""data/tc_public/tc_public_1/input.blif""; strash; ifraig; ps"" Cannot open file ""abc.rc"". Cannot open file ""..\abc.rc"". Cannot open file ""..\..\abc.rc"". netlist : i/o = 10/ 8 lat = 0 and = 204 lev = 13",
compress2rs,false,disabled,unavailable,ABC reported unknown or invalid command,AIG context,false,0,false,0.066239,"read_blif ""data/tc_public/tc_public_1/input.blif""; strash; compress2rs; ps","======== ABC command line ""read_blif ""data/tc_public/tc_public_1/input.blif""; strash; compress2rs; ps"" Cannot open file ""abc.rc"". Cannot open file ""..\abc.rc"". Cannot open file ""..\..\abc.rc"".","** cmd error: unknown command 'compress2rs' (this is likely caused by using an alias defined in ""abc.rc"" without having this file in the current or parent directory)"
sweep,true,enabled,,,SOP/network context,true,0,false,0.043686,"read_blif ""data/tc_public/tc_public_1/input.blif""; sweep; ps","======== ABC command line ""read_blif ""data/tc_public/tc_public_1/input.blif""; sweep; ps"" Cannot open file ""abc.rc"". Cannot open file ""..\abc.rc"". Cannot open file ""..\..\abc.rc"". netlist : i/o = 10/ 8 lat = 0 nd = 8 edge = 80 cube = 76 lev ",
bdd,true,enabled,,,BDD-capable network context,true,0,false,0.067110,"read_blif ""data/tc_public/tc_public_1/input.blif""; sweep; bdd; ps","======== ABC command line ""read_blif ""data/tc_public/tc_public_1/input.blif""; sweep; bdd; ps"" Cannot open file ""abc.rc"". Cannot open file ""..\abc.rc"". Cannot open file ""..\..\abc.rc"". netlist : i/o = 10/ 8 lat = 0 nd = 8 edge = 80 aig = 255",
sop,true,enabled,,,SOP requires BDD-derived context,true,0,false,0.065547,"read_blif ""data/tc_public/tc_public_1/input.blif""; sweep; bdd; sop; ps","======== ABC command line ""read_blif ""data/tc_public/tc_public_1/input.blif""; sweep; bdd; sop; ps"" Cannot open file ""abc.rc"". Cannot open file ""..\abc.rc"". Cannot open file ""..\..\abc.rc"". netlist : i/o = 10/ 8 lat = 0 nd = 8 edge = 80 aig ",
fx,true,enabled,,,SOP/network context,true,0,false,0.045170,"read_blif ""data/tc_public/tc_public_1/input.blif""; sweep; fx; ps","======== ABC command line ""read_blif ""data/tc_public/tc_public_1/input.blif""; sweep; fx; ps"" Cannot open file ""abc.rc"". Cannot open file ""..\abc.rc"". Cannot open file ""..\..\abc.rc"". netlist : i/o = 10/ 8 lat = 0 nd = 59 edge = 159 cube = 8",
if -K 4,true,enabled,,,mapped LUT context,true,0,false,0.070468,"read_blif ""data/tc_public/tc_public_1/input.blif""; strash; if -K 4; ps","======== ABC command line ""read_blif ""data/tc_public/tc_public_1/input.blif""; strash; if -K 4; ps"" Cannot open file ""abc.rc"". Cannot open file ""..\abc.rc"". Cannot open file ""..\..\abc.rc"". netlist : i/o = 10/ 8 lat = 0 nd = 65 edge = 233 ai",
if -K 5,true,enabled,,,mapped LUT context,true,0,false,0.075053,"read_blif ""data/tc_public/tc_public_1/input.blif""; strash; if -K 5; ps","======== ABC command line ""read_blif ""data/tc_public/tc_public_1/input.blif""; strash; if -K 5; ps"" Cannot open file ""abc.rc"". Cannot open file ""..\abc.rc"". Cannot open file ""..\..\abc.rc"". netlist : i/o = 10/ 8 lat = 0 nd = 42 edge = 188 ai",
if -K 6,true,enabled,,,mapped LUT context,true,0,false,0.066696,"read_blif ""data/tc_public/tc_public_1/input.blif""; strash; if -K 6; ps","======== ABC command line ""read_blif ""data/tc_public/tc_public_1/input.blif""; strash; if -K 6; ps"" Cannot open file ""abc.rc"". Cannot open file ""..\abc.rc"". Cannot open file ""..\..\abc.rc"". netlist : i/o = 10/ 8 lat = 0 nd = 29 edge = 151 ai",
mfs2,false,disabled,crash,ABC exited abnormally with returncode 3221226505,post-mapping context,true,3221226505,false,2.870576,"read_blif ""data/tc_public/tc_public_1/input.blif""; strash; if -K 4; mfs2; strash; ps",,"Assertion failed: nVars >= 0 && nVars <= 6, file src/base/abc/abcSop.c, line 1329"
mfs3,true,enabled,,,post-mapping context,true,0,false,0.071963,"read_blif ""data/tc_public/tc_public_1/input.blif""; strash; if -K 4; mfs3; strash; ps","======== ABC command line ""read_blif ""data/tc_public/tc_public_1/input.blif""; strash; if -K 4; mfs3; strash; ps"" Cannot open file ""abc.rc"". Cannot open file ""..\abc.rc"". Cannot open file ""..\..\abc.rc"". Error: This command can only be appli",
st,true,enabled,,,post-mapping context,true,0,false,0.072421,"read_blif ""data/tc_public/tc_public_1/input.blif""; strash; if -K 4; st; strash; ps","======== ABC command line ""read_blif ""data/tc_public/tc_public_1/input.blif""; strash; if -K 4; st; strash; ps"" Cannot open file ""abc.rc"". Cannot open file ""..\abc.rc"". Cannot open file ""..\..\abc.rc"". netlist : i/o = 10/ 8 lat = 0 and = 207",
&get,true,enabled,,,GIA manager context,true,0,false,0.065382,"read_blif ""data/tc_public/tc_public_1/input.blif""; strash; &get; &put; ps","======== ABC command line ""read_blif ""data/tc_public/tc_public_1/input.blif""; strash; &get; &put; ps"" Cannot open file ""abc.rc"". Cannot open file ""..\abc.rc"". Cannot open file ""..\..\abc.rc"". netlist : i/o = 10/ 8 lat = 0 and = 207 lev = 13",
&put,true,enabled,,,GIA manager context,true,0,false,0.065406,"read_blif ""data/tc_public/tc_public_1/input.blif""; strash; &get; &put; ps","======== ABC command line ""read_blif ""data/tc_public/tc_public_1/input.blif""; strash; &get; &put; ps"" Cannot open file ""abc.rc"". Cannot open file ""..\abc.rc"". Cannot open file ""..\..\abc.rc"". netlist : i/o = 10/ 8 lat = 0 and = 207 lev = 13",
&syn2,true,enabled,,,GIA manager context,true,0,false,0.067807,"read_blif ""data/tc_public/tc_public_1/input.blif""; strash; &get; &syn2; &put; ps","======== ABC command line ""read_blif ""data/tc_public/tc_public_1/input.blif""; strash; &get; &syn2; &put; ps"" Cannot open file ""abc.rc"". Cannot open file ""..\abc.rc"". Cannot open file ""..\..\abc.rc"". netlist : i/o = 10/ 8 lat = 0 and = 131 l",
&dc2,true,enabled,,,GIA manager context,true,0,false,0.072252,"read_blif ""data/tc_public/tc_public_1/input.blif""; strash; &get; &dc2; &put; ps","======== ABC command line ""read_blif ""data/tc_public/tc_public_1/input.blif""; strash; &get; &dc2; &put; ps"" Cannot open file ""abc.rc"". Cannot open file ""..\abc.rc"". Cannot open file ""..\..\abc.rc"". netlist : i/o = 10/ 8 lat = 0 and = 136 le",
