case,formal_v4_pipeline,r25d_pipeline,formal_v4_reason,r25d_reason,formal_v4_nodes,r25d_nodes,node_gain_vs_v4,formal_v4_levels,r25d_levels,level_delta_vs_v4,cec_pass,status,fallback_reason,inner_fallback_count,original_cec_fail_count,entry_returncode,chosen_variant,opt_runtime_sec,cec_runtime_sec,stats_runtime_sec,peak_mem_mb
tc_public_1,r11_gia_deepsyn_tiny@both,r11_gia_deepsyn_tiny@both,r11_deepsyn_tiny_high_sop_small_po,r11_deepsyn_tiny_high_sop_small_po,85,85,0,8,8,0,True,selected_candidate,,0,0,0,both,13.911043,1.833072,1.023102,25.188
tc_public_10,r11_gia_deepsyn_tiny@clean,r11_gia_deepsyn_tiny@clean,r11_deepsyn_small_small_pi_medium_po,r11_deepsyn_small_small_pi_medium_po,101,101,0,4,4,0,True,selected_candidate,,0,0,0,clean,5.727995,1.098702,1.000277,20.43
tc_public_11,r10_medium_fraig_cleanup@clean,r10_medium_fraig_cleanup@clean,medium_runtime_fraig_cleanup,medium_runtime_fraig_cleanup,328,328,0,7,7,0,True,selected_candidate,,0,0,0,clean,1.077072,1.390934,1.029893,17.926
tc_public_12,r10_medium_fraig_cleanup@clean,r10_medium_fraig_cleanup@clean,medium_runtime_fraig_cleanup,medium_runtime_fraig_cleanup,1370,1370,0,14,14,0,True,selected_candidate,,0,0,0,clean,1.370066,1.624671,1.189444,18.613
tc_public_13,r7b_r7win_fraig_high@clean,r7b_r7win_fraig_high@clean,r7b_high_overlap_guarded_fraig,r7b_high_overlap_guarded_fraig,1043,1043,0,13,13,0,True,selected_candidate,,0,0,0,clean,1.530447,4.457347,1.049703,21.066
tc_public_14,r7b_r7win_fraig_high@outputs,r7b_r7win_fraig_high@outputs,r7b_high_overlap_guarded_fraig,r7b_high_overlap_guarded_fraig,2156,2156,0,16,16,0,True,selected_candidate,,0,0,0,outputs,4.246683,2.653434,1.168074,52.211
tc_public_15,r7b_r7win_fraig_high@clean,r7b_r7win_fraig_high@clean,r7b_high_overlap_guarded_fraig,r7b_high_overlap_guarded_fraig,922,922,0,11,11,0,True,selected_candidate,,0,0,0,clean,1.579615,1.876147,1.128292,17.906
tc_public_16,dc2_fast@clean,dc2_fast@clean,default,default,45,45,0,6,6,0,True,selected_candidate,,0,0,0,clean,0.914699,1.11382,1.016376,10.465
tc_public_17,dc2_fast@clean,dc2_fast@clean,default,default,93,93,0,6,6,0,True,selected_candidate,,0,0,0,clean,0.861017,1.139881,1.074361,10.469
tc_public_18,r10_medium_fraig_cleanup@both,r10_medium_fraig_cleanup@both,medium_runtime_fraig_cleanup,medium_runtime_fraig_cleanup,486,486,0,12,12,0,True,selected_candidate,,0,0,0,both,3.931262,2.981472,1.176194,19.66
tc_public_19,r9_dc2_fraig_cleanup@inputs,r9_dc2_fraig_cleanup@inputs,large_smallpo_fraig_cleanup,large_smallpo_fraig_cleanup,5184,5184,0,18,18,0,True,selected_candidate,,0,0,0,inputs,47.657459,13.200719,1.399061,26.004
tc_public_2,sop_fx@clean,sop_fx@clean,tiny_high_fanin_sop,tiny_high_fanin_sop,19,19,0,4,4,0,True,selected_candidate,,0,0,0,clean,0.822071,1.754513,1.066393,11.047
tc_public_20,r9_dc2_fraig_cleanup@inputs,r9_dc2_fraig_cleanup@inputs,large_smallpo_fraig_cleanup,large_smallpo_fraig_cleanup,5445,5445,0,20,20,0,True,selected_candidate,,0,0,0,inputs,50.3693,13.93274,1.127905,27.258
tc_public_21,r9_dc2_fraig_cleanup@inputs,r9_dc2_fraig_cleanup@inputs,large_smallpo_fraig_cleanup,large_smallpo_fraig_cleanup,5448,5448,0,20,20,0,True,selected_candidate,,0,0,0,inputs,52.168909,14.775688,1.209877,27.289
tc_public_22,r9_dc2_fraig_cleanup@both,r9_dc2_fraig_cleanup@both,large_smallpo_fraig_cleanup,large_smallpo_fraig_cleanup,10740,10740,0,20,20,0,True,selected_candidate,,0,0,0,both,76.4177,24.362929,1.248451,33.906
tc_public_23,r11_gia_deepsyn_tiny@clean,r11_gia_deepsyn_tiny@clean,r11_deepsyn_medium_tiny_po,r11_deepsyn_medium_tiny_po,1458,1458,0,14,14,0,True,selected_candidate,,0,0,0,clean,25.558234,1.633842,1.020972,20.523
tc_public_24,dc2_fast@clean,dc2_fast@clean,default,default,215,215,0,8,8,0,True,selected_candidate,,0,0,0,clean,0.889483,1.004291,0.947446,14.469
tc_public_25,dc2_fast@clean,dc2_fast@clean,default,default,26,26,0,4,4,0,True,selected_candidate,,0,0,0,clean,0.796012,1.006758,1.044647,10.742
tc_public_26,r11_gia_deepsyn_tiny@outputs,r25_dsd_dch_cleanup@inputs,r11_deepsyn_medium_small_pi_medium_po,r25_dsd_medium_small_pi_medium_po_shared,1034,450,584,10,10,0,True,selected_candidate,,0,0,0,inputs,1.068988,1.285593,0.935322,21.066
tc_public_27,dc2_fast@clean,dc2_fast@clean,default,default,376,376,0,7,7,0,True,selected_candidate,,0,0,0,clean,0.949292,0.976378,0.917706,15.0
tc_public_28,dc2_fast@clean,r25_dsd_dch_cleanup@clean,default,r25_dsd_small_small_pi_small_po_shared_dup,520,258,262,7,8,1,True,selected_candidate,,0,0,0,clean,0.984486,1.030836,0.914993,27.527
tc_public_29,r11_gia_deepsyn_tiny@inputs,r11_gia_deepsyn_tiny@inputs,r11_deepsyn_small_small_pi_small_po,r11_deepsyn_small_small_pi_small_po,97,97,0,6,6,0,True,selected_candidate,,0,0,0,inputs,5.349615,0.956457,0.918886,20.902
tc_public_3,r11_gia_deepsyn_tiny@clean,r11_gia_deepsyn_tiny@clean,r11_deepsyn_tiny_high_sop_small_po,r11_deepsyn_tiny_high_sop_small_po,94,94,0,8,8,0,True,selected_candidate,,0,0,0,clean,12.478239,1.525686,0.92299,24.512
tc_public_30,r11_gia_deepsyn_tiny@clean,r25_dsd_dch_cleanup@inputs,r11_deepsyn_large_low_pi_small_po,r25_dsd_large_tiny_pi_small_po_shared,2853,403,2450,18,13,-5,True,selected_candidate,,0,0,0,inputs,1.31459,58.620735,0.90755,38.035
tc_public_4,r11_gia_deepsyn_tiny@inputs,r11_gia_deepsyn_tiny@inputs,r11_deepsyn_tiny_high_sop_small_po,r11_deepsyn_tiny_high_sop_small_po,61,61,0,8,8,0,True,selected_candidate,,0,0,0,inputs,6.868297,1.454712,0.855546,24.293
tc_public_5,dc2_fast@clean,dc2_fast@clean,default,default,65,65,0,2,2,0,True,selected_candidate,,0,0,0,clean,0.88222,0.97113,0.930703,11.176
tc_public_6,sop_fx@clean,sop_fx@clean,tiny_high_fanin_sop,tiny_high_fanin_sop,162,162,0,4,4,0,True,selected_candidate,,0,0,0,clean,0.712072,1.498462,0.931568,11.664
tc_public_7,r11_gia_deepsyn_tiny@clean,r11_gia_deepsyn_tiny@clean,r11_deepsyn_small_high_sop_low_two,r11_deepsyn_small_high_sop_low_two,191,191,0,3,3,0,True,selected_candidate,,0,0,0,clean,4.227141,1.456841,0.905521,21.09
tc_public_8,sop_fx@clean,sop_fx@clean,tiny_high_fanin_sop,tiny_high_fanin_sop,193,193,0,3,3,0,True,selected_candidate,,0,0,0,clean,0.719397,1.42347,0.882897,9.609
tc_public_9,r11_gia_deepsyn_tiny@clean,r11_gia_deepsyn_tiny@clean,r11_deepsyn_tiny_high_sop_medium_po,r11_deepsyn_tiny_high_sop_medium_po,194,194,0,4,4,0,True,selected_candidate,,0,0,0,clean,5.508748,1.491279,0.883902,20.883
