case,input_path,requested_pipeline,selected_pipeline,selector_reason,status,fallback_reason,output_path,candidate_path,baseline_path,candidate_nodes,candidate_levels,baseline_nodes,baseline_levels,selected_nodes,selected_levels,original_nodes,original_levels,opt_returncode,cec_returncode,cec_pass,opt_runtime_sec,cec_runtime_sec,stats_runtime_sec,peak_mem_mb,log_dir,chosen_variant,attempted_variants,inner_fallback_count,original_cec_fail_count,entry_returncode,r28_gated_r27_gate,r28_gated_r27_status,r28_postpass,r28_postpass_accepted,r28_postpass_reject_reason,r28_postpass_opt_returncode,r28_postpass_cec_pass,r28_postpass_opt_error,r28_node_delta_vs_v5,r28_level_delta_vs_v5,r29_postpass_gate,r29_postpass_status,r29_postpass,r29_postpass_accepted,r29_postpass_reject_reason,r29_postpass_opt_returncode,r29_postpass_cec_pass,r29_postpass_opt_error,r29_node_delta_vs_v6,r29_level_delta_vs_v6,r30b_postpass_gate,r30b_postpass_status,r30b_postpass,r30b_postpass_accepted,r30b_postpass_reject_reason,r30b_postpass_opt_returncode,r30b_postpass_cec_pass,r30b_postpass_opt_error,r30b_node_delta_vs_v7,r30b_level_delta_vs_v7,r30b_profile_runtime_sec,r30b_profile_status,r30b_profile_skip_reason,r30b_cluster_bucket,r30b_cluster_potential_score,r30b_high_overlap_pairs,r30b_largest_cluster_size,r30b_po_count,r30b_node_count
tc_public_1,results_candidate\r30b_release_stress\port_name_cases\tc_public_1\input.blif,r11_gia_deepsyn_tiny,r11_gia_deepsyn_tiny@both,r11_deepsyn_tiny_high_sop_small_po,selected_candidate,,results_candidate\r30b_release_stress\port_name_public30\tc_public_1\output.blif,results_candidate\r30b_release_stress\port_name_public30\tc_public_1\work\v7\work\v6\work\v5\work\variants\both\output.candidate.blif,results_candidate\r30b_release_stress\port_name_public30\tc_public_1\work\v7\work\v6\work\v5\work\variants\both\baseline.blif,85,8,146,9,85,8,207,13,0,0,True,3.577505,0.799713,0.409822,14.379,results_candidate\r30b_release_stress\port_name_public30\tc_public_1\work\v7\work\v6\work\v5\work\logs,both,"clean,inputs,outputs,both",0,0,0,gate_not_matched,skipped,r28_r27_mfs_fraig_dc2_bal,,gate_not_matched,,,,0,0,gate_not_matched,skipped,r29_mfs_strash_dc2_rwz_bal,,gate_not_matched,,,,0,0,gate_not_matched,skipped,r30b_odc_resub_f1,,gate_not_matched,,,,0,0,0.001452,ok,,cluster_medium,98.842834,2,3,8,85
tc_public_10,results_candidate\r30b_release_stress\port_name_cases\tc_public_10\input.blif,r11_gia_deepsyn_tiny,r11_gia_deepsyn_tiny@clean,r11_deepsyn_small_small_pi_medium_po,selected_candidate,,results_candidate\r30b_release_stress\port_name_public30\tc_public_10\output.blif,results_candidate\r30b_release_stress\port_name_public30\tc_public_10\work\v7\work\v6\work\v5\work\variants\clean\output.candidate.blif,results_candidate\r30b_release_stress\port_name_public30\tc_public_10\work\v7\work\v6\work\v5\work\variants\clean\baseline.blif,101,4,161,4,101,4,192,5,0,0,True,1.534606,0.36313,0.374532,12.152,results_candidate\r30b_release_stress\port_name_public30\tc_public_10\work\v7\work\v6\work\v5\work\logs,clean,"clean,inputs,outputs,both",0,0,0,gate_not_matched,skipped,r28_r27_mfs_fraig_dc2_bal,,gate_not_matched,,,,0,0,gate_not_matched,skipped,r29_mfs_strash_dc2_rwz_bal,,gate_not_matched,,,,0,0,gate_not_matched,skipped,r30b_odc_resub_f1,,gate_not_matched,,,,0,0,0.001817,ok,,cluster_none,17.227723,0,0,32,101
tc_public_11,results_candidate\r30b_release_stress\port_name_cases\tc_public_11\input.blif,r10_medium_fraig_cleanup,r10_medium_fraig_cleanup@clean,medium_runtime_fraig_cleanup,selected_candidate,,results_candidate\r30b_release_stress\port_name_public30\tc_public_11\output.blif,results_candidate\r30b_release_stress\port_name_public30\tc_public_11\work\v7\work\v6\work\v5\work\variants\clean\output.candidate.blif,results_candidate\r30b_release_stress\port_name_public30\tc_public_11\work\v7\work\v6\work\v5\work\variants\clean\baseline.blif,328,7,1064,6,328,7,1064,6,0,0,True,0.686761,0.644777,0.556204,9.195,results_candidate\r30b_release_stress\port_name_public30\tc_public_11\work\v7\work\logs,clean,"clean,inputs,outputs,both",0,0,0,gate_not_matched,skipped,r28_r27_mfs_fraig_dc2_bal,,gate_not_matched,,,,0,0,medium_runtime_fraig_cleanup,rejected,r29_mfs_strash_dc2_rwz_bal,,no_node_gain,0,True,False,0,0,gate_not_matched,skipped,r30b_odc_resub_f1,,gate_not_matched,,,,0,0,0.008188,ok,,cluster_none,100.000000,0,0,96,328
tc_public_12,results_candidate\r30b_release_stress\port_name_cases\tc_public_12\input.blif,r10_medium_fraig_cleanup,r10_medium_fraig_cleanup@clean+r29_mfs_strash_dc2_rwz_bal+r30b_odc_resub_f1,medium_runtime_fraig_cleanup,selected_candidate,,results_candidate\r30b_release_stress\port_name_public30\tc_public_12\output.blif,results_candidate\r30b_release_stress\port_name_public30\tc_public_12\work\v7\work\v6\work\v5\work\variants\clean\output.candidate.blif,results_candidate\r30b_release_stress\port_name_public30\tc_public_12\work\v7\work\v6\work\v5\work\variants\clean\baseline.blif,1370,14,1407,13,1366,14,1482,15,0,0,True,1.501463,0.881235,0.656588,9.703,results_candidate\r30b_release_stress\port_name_public30\tc_public_12\work\logs,clean,"clean,inputs,outputs,both",0,0,0,gate_not_matched,skipped,r28_r27_mfs_fraig_dc2_bal,,gate_not_matched,,,,0,0,medium_runtime_fraig_cleanup,accepted,r29_mfs_strash_dc2_rwz_bal,r29_mfs_strash_dc2_rwz_bal,,0,True,False,-3,0,mid_nodes_high_overlap_cluster,accepted,r30b_odc_resub_f1,r30b_odc_resub_f1,,0,True,False,-1,0,0.057618,ok,,cluster_high,100.000000,275,8,532,1370
tc_public_13,results_candidate\r30b_release_stress\port_name_cases\tc_public_13\input.blif,r7b_r7win_fraig_high,r7b_r7win_fraig_high@clean,r7b_high_overlap_guarded_fraig,selected_candidate,,results_candidate\r30b_release_stress\port_name_public30\tc_public_13\output.blif,results_candidate\r30b_release_stress\port_name_public30\tc_public_13\work\v7\work\v6\work\v5\work\variants\clean\output.candidate.blif,results_candidate\r30b_release_stress\port_name_public30\tc_public_13\work\v7\work\v6\work\v5\work\variants\clean\baseline.blif,1043,13,1130,14,1043,13,1284,17,0,0,True,1.867326,2.568477,0.681852,13.965,results_candidate\r30b_release_stress\port_name_public30\tc_public_13\work\logs,clean,"clean,inputs,outputs,both",0,0,0,r7b_high_overlap_guarded_fraig,rejected,r28_r27_mfs_fraig_dc2_bal,,no_node_gain,0,True,False,0,0,r7b_high_overlap_guarded_fraig,rejected,r29_mfs_strash_dc2_rwz_bal,,no_node_gain,0,True,False,0,0,mid_nodes_high_overlap_cluster,rejected,r30b_odc_resub_f1,,no_node_gain,0,True,False,0,0,0.006942,ok,,cluster_high,100.000000,120,8,20,1043
tc_public_14,results_candidate\r30b_release_stress\port_name_cases\tc_public_14\input.blif,r7b_r7win_fraig_high,r7b_r7win_fraig_high@outputs+r28_r27_mfs_fraig_dc2_bal+r29_mfs_strash_dc2_rwz_bal,r7b_high_overlap_guarded_fraig,selected_candidate,,results_candidate\r30b_release_stress\port_name_public30\tc_public_14\output.blif,results_candidate\r30b_release_stress\port_name_public30\tc_public_14\work\v7\work\v6\work\v5\work\variants\outputs\output.candidate.blif,results_candidate\r30b_release_stress\port_name_public30\tc_public_14\work\v7\work\v6\work\v5\work\variants\outputs\baseline.blif,2156,16,4478,26,2044,14,6388,29,0,0,True,5.38733,1.403427,0.636784,47.176,results_candidate\r30b_release_stress\port_name_public30\tc_public_14\work\v7\work\logs,outputs,"clean,inputs,outputs,both",0,0,0,r7b_high_overlap_guarded_fraig,accepted,r28_r27_mfs_fraig_dc2_bal,r28_r27_mfs_fraig_dc2_bal,,0,True,False,-83,-1,r7b_high_overlap_guarded_fraig,accepted,r29_mfs_strash_dc2_rwz_bal,r29_mfs_strash_dc2_rwz_bal,,0,True,False,-29,-1,gate_not_matched,skipped,r30b_odc_resub_f1,,gate_not_matched,,,,0,0,0.026435,ok,,cluster_high,100.000000,496,8,77,2045
tc_public_15,results_candidate\r30b_release_stress\port_name_cases\tc_public_15\input.blif,r7b_r7win_fraig_high,r7b_r7win_fraig_high@clean+r28_r27_mfs_fraig_dc2_bal+r29_mfs_strash_dc2_rwz_bal+r30b_odc_resub_f1,r7b_high_overlap_guarded_fraig,selected_candidate,,results_candidate\r30b_release_stress\port_name_public30\tc_public_15\output.blif,results_candidate\r30b_release_stress\port_name_public30\tc_public_15\work\v7\work\v6\work\v5\work\variants\clean\output.candidate.blif,results_candidate\r30b_release_stress\port_name_public30\tc_public_15\work\v7\work\v6\work\v5\work\variants\clean\baseline.blif,922,11,928,10,900,11,931,12,0,0,True,2.072688,1.012526,0.665652,12.117,results_candidate\r30b_release_stress\port_name_public30\tc_public_15\work\logs,clean,"clean,inputs,outputs,both",0,0,0,r7b_high_overlap_guarded_fraig,accepted,r28_r27_mfs_fraig_dc2_bal,r28_r27_mfs_fraig_dc2_bal,,0,True,False,-9,0,r7b_high_overlap_guarded_fraig,accepted,r29_mfs_strash_dc2_rwz_bal,r29_mfs_strash_dc2_rwz_bal,,0,True,False,-9,0,mid_nodes_high_overlap_cluster,accepted,r30b_odc_resub_f1,r30b_odc_resub_f1,,0,True,False,-4,0,0.009063,ok,,cluster_high,100.000000,372,8,32,904
tc_public_16,results_candidate\r30b_release_stress\port_name_cases\tc_public_16\input.blif,dc2_fast,dc2_fast@clean,default,selected_candidate,,results_candidate\r30b_release_stress\port_name_public30\tc_public_16\output.blif,results_candidate\r30b_release_stress\port_name_public30\tc_public_16\work\v7\work\v6\work\v5\work\variants\clean\output.candidate.blif,results_candidate\r30b_release_stress\port_name_public30\tc_public_16\work\v7\work\v6\work\v5\work\variants\clean\baseline.blif,45,6,45,6,45,6,45,6,0,0,True,0.385564,0.350069,0.372467,7.23,results_candidate\r30b_release_stress\port_name_public30\tc_public_16\work\v7\work\v6\work\v5\work\logs,clean,"clean,inputs,outputs,both",0,0,0,gate_not_matched,skipped,r28_r27_mfs_fraig_dc2_bal,,gate_not_matched,,,,0,0,gate_not_matched,skipped,r29_mfs_strash_dc2_rwz_bal,,gate_not_matched,,,,0,0,gate_not_matched,skipped,r30b_odc_resub_f1,,gate_not_matched,,,,0,0,0.00096,ok,,cluster_none,28.800000,0,0,5,45
tc_public_17,results_candidate\r30b_release_stress\port_name_cases\tc_public_17\input.blif,dc2_fast,dc2_fast@clean,default,selected_candidate,,results_candidate\r30b_release_stress\port_name_public30\tc_public_17\output.blif,results_candidate\r30b_release_stress\port_name_public30\tc_public_17\work\v7\work\v6\work\v5\work\variants\clean\output.candidate.blif,results_candidate\r30b_release_stress\port_name_public30\tc_public_17\work\v7\work\v6\work\v5\work\variants\clean\baseline.blif,93,6,93,6,93,6,93,6,0,0,True,0.373067,0.354938,0.445395,7.25,results_candidate\r30b_release_stress\port_name_public30\tc_public_17\work\v7\work\v6\work\v5\work\logs,clean,"clean,inputs,outputs,both",0,0,0,gate_not_matched,skipped,r28_r27_mfs_fraig_dc2_bal,,gate_not_matched,,,,0,0,gate_not_matched,skipped,r29_mfs_strash_dc2_rwz_bal,,gate_not_matched,,,,0,0,gate_not_matched,skipped,r30b_odc_resub_f1,,gate_not_matched,,,,0,0,0.001337,ok,,cluster_none,38.322581,0,0,6,93
tc_public_18,results_candidate\r30b_release_stress\port_name_cases\tc_public_18\input.blif,r10_medium_fraig_cleanup,r10_medium_fraig_cleanup@both+r29_mfs_strash_dc2_rwz_bal,medium_runtime_fraig_cleanup,selected_candidate,,results_candidate\r30b_release_stress\port_name_public30\tc_public_18\output.blif,results_candidate\r30b_release_stress\port_name_public30\tc_public_18\work\v7\work\v6\work\v5\work\variants\both\output.candidate.blif,results_candidate\r30b_release_stress\port_name_public30\tc_public_18\work\v7\work\v6\work\v5\work\variants\both\baseline.blif,486,12,522,12,483,12,525,12,0,0,True,1.117433,1.30543,0.522539,11.527,results_candidate\r30b_release_stress\port_name_public30\tc_public_18\work\v7\work\logs,both,"clean,inputs,outputs,both",0,0,0,gate_not_matched,skipped,r28_r27_mfs_fraig_dc2_bal,,gate_not_matched,,,,0,0,medium_runtime_fraig_cleanup,accepted,r29_mfs_strash_dc2_rwz_bal,r29_mfs_strash_dc2_rwz_bal,,0,True,False,-3,0,gate_not_matched,skipped,r30b_odc_resub_f1,,gate_not_matched,,,,0,0,0.001295,ok,,cluster_none,23.677019,0,0,8,483
tc_public_19,results_candidate\r30b_release_stress\port_name_cases\tc_public_19\input.blif,r9_dc2_fraig_cleanup,r9_dc2_fraig_cleanup@inputs+r29_mfs_strash_dc2_rwz_bal+r30b_odc_resub_f1,large_smallpo_fraig_cleanup,selected_candidate,,results_candidate\r30b_release_stress\port_name_public30\tc_public_19\output.blif,results_candidate\r30b_release_stress\port_name_public30\tc_public_19\work\v7\work\v6\work\v5\work\variants\inputs\output.candidate.blif,results_candidate\r30b_release_stress\port_name_public30\tc_public_19\work\v7\work\v6\work\v5\work\variants\inputs\baseline.blif,5184,18,5403,18,5124,18,5478,18,0,0,True,9.99233,7.402512,0.69201,21.855,results_candidate\r30b_release_stress\port_name_public30\tc_public_19\work\logs,inputs,"clean,inputs,outputs,both",0,0,0,gate_not_matched,skipped,r28_r27_mfs_fraig_dc2_bal,,gate_not_matched,,,,0,0,large_smallpo_fraig_cleanup,accepted,r29_mfs_strash_dc2_rwz_bal,r29_mfs_strash_dc2_rwz_bal,,0,True,False,-27,0,huge_highlevel_low_overlap,accepted,r30b_odc_resub_f1,r30b_odc_resub_f1,,0,True,False,-33,0,0.013793,ok,,cluster_none,24.607330,0,0,11,5157
tc_public_2,results_candidate\r30b_release_stress\port_name_cases\tc_public_2\input.blif,sop_fx,sop_fx@clean,tiny_high_fanin_sop,selected_candidate,,results_candidate\r30b_release_stress\port_name_public30\tc_public_2\output.blif,results_candidate\r30b_release_stress\port_name_public30\tc_public_2\work\v7\work\v6\work\v5\work\variants\clean\output.candidate.blif,results_candidate\r30b_release_stress\port_name_public30\tc_public_2\work\v7\work\v6\work\v5\work\variants\clean\baseline.blif,19,4,19,4,19,4,34,6,0,0,True,0.372764,0.747717,0.409828,7.469,results_candidate\r30b_release_stress\port_name_public30\tc_public_2\work\v7\work\v6\work\v5\work\logs,clean,"clean,inputs,outputs,both",0,0,0,gate_not_matched,skipped,r28_r27_mfs_fraig_dc2_bal,,gate_not_matched,,,,0,0,gate_not_matched,skipped,r29_mfs_strash_dc2_rwz_bal,,gate_not_matched,,,,0,0,gate_not_matched,skipped,r30b_odc_resub_f1,,gate_not_matched,,,,0,0,0.000935,ok,,cluster_none,18.315789,0,0,5,19
tc_public_20,results_candidate\r30b_release_stress\port_name_cases\tc_public_20\input.blif,r9_dc2_fraig_cleanup,r9_dc2_fraig_cleanup@inputs+r29_mfs_strash_dc2_rwz_bal+r30b_odc_resub_f1,large_smallpo_fraig_cleanup,selected_candidate,,results_candidate\r30b_release_stress\port_name_public30\tc_public_20\output.blif,results_candidate\r30b_release_stress\port_name_public30\tc_public_20\work\v7\work\v6\work\v5\work\variants\inputs\output.candidate.blif,results_candidate\r30b_release_stress\port_name_public30\tc_public_20\work\v7\work\v6\work\v5\work\variants\inputs\baseline.blif,5445,20,5667,20,5382,20,5742,20,0,0,True,11.478305,8.658739,0.672245,22.551,results_candidate\r30b_release_stress\port_name_public30\tc_public_20\work\logs,inputs,"clean,inputs,outputs,both",0,0,0,gate_not_matched,skipped,r28_r27_mfs_fraig_dc2_bal,,gate_not_matched,,,,0,0,large_smallpo_fraig_cleanup,accepted,r29_mfs_strash_dc2_rwz_bal,r29_mfs_strash_dc2_rwz_bal,,0,True,False,-33,0,huge_highlevel_low_overlap,accepted,r30b_odc_resub_f1,r30b_odc_resub_f1,,0,True,False,-30,0,0.014127,ok,,cluster_none,24.068736,0,0,11,5412
tc_public_21,results_candidate\r30b_release_stress\port_name_cases\tc_public_21\input.blif,r9_dc2_fraig_cleanup,r9_dc2_fraig_cleanup@inputs+r29_mfs_strash_dc2_rwz_bal+r30b_odc_resub_f1,large_smallpo_fraig_cleanup,selected_candidate,,results_candidate\r30b_release_stress\port_name_public30\tc_public_21\output.blif,results_candidate\r30b_release_stress\port_name_public30\tc_public_21\work\v7\work\v6\work\v5\work\variants\inputs\output.candidate.blif,results_candidate\r30b_release_stress\port_name_public30\tc_public_21\work\v7\work\v6\work\v5\work\variants\inputs\baseline.blif,5448,20,5688,20,5400,18,5763,20,0,0,True,11.611586,8.59397,0.684377,22.664,results_candidate\r30b_release_stress\port_name_public30\tc_public_21\work\logs,inputs,"clean,inputs,outputs,both",0,0,0,gate_not_matched,skipped,r28_r27_mfs_fraig_dc2_bal,,gate_not_matched,,,,0,0,large_smallpo_fraig_cleanup,accepted,r29_mfs_strash_dc2_rwz_bal,r29_mfs_strash_dc2_rwz_bal,,0,True,False,-36,0,huge_highlevel_low_overlap,accepted,r30b_odc_resub_f1,r30b_odc_resub_f1,,0,True,False,-12,-2,0.014778,ok,,cluster_none,24.390244,0,0,11,5412
tc_public_22,results_candidate\r30b_release_stress\port_name_cases\tc_public_22\input.blif,r9_dc2_fraig_cleanup,r9_dc2_fraig_cleanup@both+r29_mfs_strash_dc2_rwz_bal+r30b_odc_resub_f1,large_smallpo_fraig_cleanup,selected_candidate,,results_candidate\r30b_release_stress\port_name_public30\tc_public_22\output.blif,results_candidate\r30b_release_stress\port_name_public30\tc_public_22\work\v7\work\v6\work\v5\work\variants\both\output.candidate.blif,results_candidate\r30b_release_stress\port_name_public30\tc_public_22\work\v7\work\v6\work\v5\work\variants\both\baseline.blif,10740,20,11274,20,10623,20,11367,20,0,0,True,20.210219,13.68222,0.882302,28.723,results_candidate\r30b_release_stress\port_name_public30\tc_public_22\work\logs,both,"clean,inputs,outputs,both",0,0,0,gate_not_matched,skipped,r28_r27_mfs_fraig_dc2_bal,,gate_not_matched,,,,0,0,large_smallpo_fraig_cleanup,accepted,r29_mfs_strash_dc2_rwz_bal,r29_mfs_strash_dc2_rwz_bal,,0,True,False,-57,0,huge_highlevel_low_overlap,accepted,r30b_odc_resub_f1,r30b_odc_resub_f1,,0,True,False,-60,0,0.0299,ok,,cluster_none,26.045493,0,0,12,10683
tc_public_23,results_candidate\r30b_release_stress\port_name_cases\tc_public_23\input.blif,r11_gia_deepsyn_tiny,r11_gia_deepsyn_tiny@inputs+r29_mfs_strash_dc2_rwz_bal,r11_deepsyn_medium_tiny_po,selected_candidate,,results_candidate\r30b_release_stress\port_name_public30\tc_public_23\output.blif,results_candidate\r30b_release_stress\port_name_public30\tc_public_23\work\v7\work\v6\work\v5\work\variants\inputs\output.candidate.blif,results_candidate\r30b_release_stress\port_name_public30\tc_public_23\work\v7\work\v6\work\v5\work\variants\inputs\baseline.blif,1318,13,1530,16,1311,13,1530,263,0,0,True,22.551607,0.81561,0.530585,13.539,results_candidate\r30b_release_stress\port_name_public30\tc_public_23\work\v7\work\logs,inputs,"clean,inputs,outputs,both",0,0,0,gate_not_matched,skipped,r28_r27_mfs_fraig_dc2_bal,,gate_not_matched,,,,0,0,r11_deepsyn_medium_tiny_po,accepted,r29_mfs_strash_dc2_rwz_bal,r29_mfs_strash_dc2_rwz_bal,,0,True,False,-7,0,gate_not_matched,skipped,r30b_odc_resub_f1,,gate_not_matched,,,,0,0,0.011823,ok,,cluster_none,20.018307,0,0,2,1311
tc_public_24,results_candidate\r30b_release_stress\port_name_cases\tc_public_24\input.blif,dc2_fast,dc2_fast@clean,default,selected_candidate,,results_candidate\r30b_release_stress\port_name_public30\tc_public_24\output.blif,results_candidate\r30b_release_stress\port_name_public30\tc_public_24\work\v7\work\v6\work\v5\work\variants\clean\output.candidate.blif,results_candidate\r30b_release_stress\port_name_public30\tc_public_24\work\v7\work\v6\work\v5\work\variants\clean\baseline.blif,215,8,215,8,215,8,223,15,0,0,True,0.393533,0.369078,0.447047,7.445,results_candidate\r30b_release_stress\port_name_public30\tc_public_24\work\v7\work\v6\work\v5\work\logs,clean,"clean,inputs,outputs,both",0,0,0,gate_not_matched,skipped,r28_r27_mfs_fraig_dc2_bal,,gate_not_matched,,,,0,0,gate_not_matched,skipped,r29_mfs_strash_dc2_rwz_bal,,gate_not_matched,,,,0,0,gate_not_matched,skipped,r30b_odc_resub_f1,,gate_not_matched,,,,0,0,0.010094,ok,,cluster_high,100.000000,36,8,9,215
tc_public_25,results_candidate\r30b_release_stress\port_name_cases\tc_public_25\input.blif,dc2_fast,dc2_fast@clean,default,selected_candidate,,results_candidate\r30b_release_stress\port_name_public30\tc_public_25\output.blif,results_candidate\r30b_release_stress\port_name_public30\tc_public_25\work\v7\work\v6\work\v5\work\variants\clean\output.candidate.blif,results_candidate\r30b_release_stress\port_name_public30\tc_public_25\work\v7\work\v6\work\v5\work\variants\clean\baseline.blif,26,4,26,4,26,4,101,14,0,0,True,0.368248,0.348265,0.409104,7.441,results_candidate\r30b_release_stress\port_name_public30\tc_public_25\work\v7\work\v6\work\v5\work\logs,clean,"clean,inputs,outputs,both",0,0,0,gate_not_matched,skipped,r28_r27_mfs_fraig_dc2_bal,,gate_not_matched,,,,0,0,gate_not_matched,skipped,r29_mfs_strash_dc2_rwz_bal,,gate_not_matched,,,,0,0,gate_not_matched,skipped,r30b_odc_resub_f1,,gate_not_matched,,,,0,0,0.001038,ok,,cluster_none,29.538462,0,0,9,26
tc_public_26,results_candidate\r30b_release_stress\port_name_cases\tc_public_26\input.blif,r25_dsd_dch_cleanup,r25_dsd_dch_cleanup@inputs+r28_r27_mfs_fraig_dc2_bal,r25_dsd_medium_small_pi_medium_po_shared,selected_candidate,,results_candidate\r30b_release_stress\port_name_public30\tc_public_26\output.blif,results_candidate\r30b_release_stress\port_name_public30\tc_public_26\work\v7\work\v6\work\v5\work\variants\inputs\output.candidate.blif,results_candidate\r30b_release_stress\port_name_public30\tc_public_26\work\v7\work\v6\work\v5\work\variants\inputs\baseline.blif,450,10,1064,10,449,10,1064,32,0,0,True,0.842235,0.65086,0.514244,17.875,results_candidate\r30b_release_stress\port_name_public30\tc_public_26\work\v7\work\v6\work\logs,inputs,"clean,inputs,outputs,both",0,0,0,r25_dsd_inputs,accepted,r28_r27_mfs_fraig_dc2_bal,r28_r27_mfs_fraig_dc2_bal,,0,True,False,-1,0,gate_not_matched,skipped,r29_mfs_strash_dc2_rwz_bal,,gate_not_matched,,,,0,0,gate_not_matched,skipped,r30b_odc_resub_f1,,gate_not_matched,,,,0,0,0.013503,ok,,cluster_high,100.000000,125,8,32,449
tc_public_27,results_candidate\r30b_release_stress\port_name_cases\tc_public_27\input.blif,dc2_fast,dc2_fast@clean,default,selected_candidate,,results_candidate\r30b_release_stress\port_name_public30\tc_public_27\output.blif,results_candidate\r30b_release_stress\port_name_public30\tc_public_27\work\v7\work\v6\work\v5\work\variants\clean\output.candidate.blif,results_candidate\r30b_release_stress\port_name_public30\tc_public_27\work\v7\work\v6\work\v5\work\variants\clean\baseline.blif,376,7,376,7,376,7,576,20,0,0,True,0.403178,0.364094,0.422831,7.719,results_candidate\r30b_release_stress\port_name_public30\tc_public_27\work\v7\work\v6\work\v5\work\logs,clean,"clean,inputs,outputs,both",0,0,0,gate_not_matched,skipped,r28_r27_mfs_fraig_dc2_bal,,gate_not_matched,,,,0,0,gate_not_matched,skipped,r29_mfs_strash_dc2_rwz_bal,,gate_not_matched,,,,0,0,gate_not_matched,skipped,r30b_odc_resub_f1,,gate_not_matched,,,,0,0,0.010463,ok,,cluster_high,100.000000,28,8,16,376
tc_public_28,results_candidate\r30b_release_stress\port_name_cases\tc_public_28\input.blif,r25_dsd_dch_cleanup,r25_dsd_dch_cleanup@clean,r25_dsd_small_small_pi_small_po_shared_dup,selected_candidate,,results_candidate\r30b_release_stress\port_name_public30\tc_public_28\output.blif,results_candidate\r30b_release_stress\port_name_public30\tc_public_28\work\v7\work\v6\work\v5\work\variants\clean\output.candidate.blif,results_candidate\r30b_release_stress\port_name_public30\tc_public_28\work\v7\work\v6\work\v5\work\variants\clean\baseline.blif,258,8,520,7,258,8,576,20,0,0,True,0.447593,0.431802,0.455441,17.777,results_candidate\r30b_release_stress\port_name_public30\tc_public_28\work\v7\work\v6\work\v5\work\logs,clean,"clean,inputs,outputs,both",0,0,0,gate_not_matched,skipped,r28_r27_mfs_fraig_dc2_bal,,gate_not_matched,,,,0,0,gate_not_matched,skipped,r29_mfs_strash_dc2_rwz_bal,,gate_not_matched,,,,0,0,gate_not_matched,skipped,r30b_odc_resub_f1,,gate_not_matched,,,,0,0,0.010447,ok,,cluster_high,100.000000,36,8,16,258
tc_public_29,results_candidate\r30b_release_stress\port_name_cases\tc_public_29\input.blif,r11_gia_deepsyn_tiny,r11_gia_deepsyn_tiny@inputs,r11_deepsyn_small_small_pi_small_po,selected_candidate,,results_candidate\r30b_release_stress\port_name_public30\tc_public_29\output.blif,results_candidate\r30b_release_stress\port_name_public30\tc_public_29\work\v7\work\v6\work\v5\work\variants\inputs\output.candidate.blif,results_candidate\r30b_release_stress\port_name_public30\tc_public_29\work\v7\work\v6\work\v5\work\variants\inputs\baseline.blif,97,6,119,6,97,6,121,8,0,0,True,1.71371,0.347637,0.360039,12.559,results_candidate\r30b_release_stress\port_name_public30\tc_public_29\work\v7\work\v6\work\v5\work\logs,inputs,"clean,inputs,outputs,both",0,0,0,gate_not_matched,skipped,r28_r27_mfs_fraig_dc2_bal,,gate_not_matched,,,,0,0,gate_not_matched,skipped,r29_mfs_strash_dc2_rwz_bal,,gate_not_matched,,,,0,0,gate_not_matched,skipped,r30b_odc_resub_f1,,gate_not_matched,,,,0,0,0.001273,ok,,cluster_none,19.505155,0,0,16,97
tc_public_3,results_candidate\r30b_release_stress\port_name_cases\tc_public_3\input.blif,r11_gia_deepsyn_tiny,r11_gia_deepsyn_tiny@clean,r11_deepsyn_tiny_high_sop_small_po,selected_candidate,,results_candidate\r30b_release_stress\port_name_public30\tc_public_3\output.blif,results_candidate\r30b_release_stress\port_name_public30\tc_public_3\work\v7\work\v6\work\v5\work\variants\clean\output.candidate.blif,results_candidate\r30b_release_stress\port_name_public30\tc_public_3\work\v7\work\v6\work\v5\work\variants\clean\baseline.blif,94,8,150,11,94,8,208,13,0,0,True,3.882873,0.765211,0.418241,14.48,results_candidate\r30b_release_stress\port_name_public30\tc_public_3\work\v7\work\v6\work\v5\work\logs,clean,"clean,inputs,outputs,both",0,0,0,gate_not_matched,skipped,r28_r27_mfs_fraig_dc2_bal,,gate_not_matched,,,,0,0,gate_not_matched,skipped,r29_mfs_strash_dc2_rwz_bal,,gate_not_matched,,,,0,0,gate_not_matched,skipped,r30b_odc_resub_f1,,gate_not_matched,,,,0,0,0.001457,ok,,cluster_low,79.139539,1,2,8,94
tc_public_30,results_candidate\r30b_release_stress\port_name_cases\tc_public_30\input.blif,r25_dsd_dch_cleanup,r25_dsd_dch_cleanup@inputs+r28_r27_mfs_fraig_dc2_bal+r30b_odc_resub_f1,r25_dsd_large_tiny_pi_small_po_shared,selected_candidate,,results_candidate\r30b_release_stress\port_name_public30\tc_public_30\output.blif,results_candidate\r30b_release_stress\port_name_public30\tc_public_30\work\v7\work\v6\work\v5\work\variants\inputs\output.candidate.blif,results_candidate\r30b_release_stress\port_name_public30\tc_public_30\work\v7\work\v6\work\v5\work\variants\inputs\baseline.blif,403,13,9443,22,369,12,14139,1036,0,0,True,1.211371,21.294783,0.559578,29.109,results_candidate\r30b_release_stress\port_name_public30\tc_public_30\work\logs,inputs,"clean,inputs,outputs,both",0,0,0,r25_dsd_inputs,accepted,r28_r27_mfs_fraig_dc2_bal,r28_r27_mfs_fraig_dc2_bal,,0,True,False,-11,-1,gate_not_matched,skipped,r29_mfs_strash_dc2_rwz_bal,,gate_not_matched,,,,0,0,medium_cluster_mid_nodes,accepted,r30b_odc_resub_f1,r30b_odc_resub_f1,,0,True,False,-23,0,0.010632,ok,,cluster_medium,100.000000,7,5,12,392
tc_public_4,results_candidate\r30b_release_stress\port_name_cases\tc_public_4\input.blif,r11_gia_deepsyn_tiny,r11_gia_deepsyn_tiny@inputs,r11_deepsyn_tiny_high_sop_small_po,selected_candidate,,results_candidate\r30b_release_stress\port_name_public30\tc_public_4\output.blif,results_candidate\r30b_release_stress\port_name_public30\tc_public_4\work\v7\work\v6\work\v5\work\variants\inputs\output.candidate.blif,results_candidate\r30b_release_stress\port_name_public30\tc_public_4\work\v7\work\v6\work\v5\work\variants\inputs\baseline.blif,61,8,118,9,61,8,145,12,0,0,True,2.13306,0.767032,0.433406,12.73,results_candidate\r30b_release_stress\port_name_public30\tc_public_4\work\v7\work\v6\work\v5\work\logs,inputs,"clean,inputs,outputs,both",0,0,0,gate_not_matched,skipped,r28_r27_mfs_fraig_dc2_bal,,gate_not_matched,,,,0,0,gate_not_matched,skipped,r29_mfs_strash_dc2_rwz_bal,,gate_not_matched,,,,0,0,gate_not_matched,skipped,r30b_odc_resub_f1,,gate_not_matched,,,,0,0,0.001585,ok,,cluster_medium,100.000000,3,2,8,61
tc_public_5,results_candidate\r30b_release_stress\port_name_cases\tc_public_5\input.blif,dc2_fast,dc2_fast@clean,default,selected_candidate,,results_candidate\r30b_release_stress\port_name_public30\tc_public_5\output.blif,results_candidate\r30b_release_stress\port_name_public30\tc_public_5\work\v7\work\v6\work\v5\work\variants\clean\output.candidate.blif,results_candidate\r30b_release_stress\port_name_public30\tc_public_5\work\v7\work\v6\work\v5\work\variants\clean\baseline.blif,65,2,66,2,65,2,128,2,0,0,True,0.385105,0.350013,0.451299,7.688,results_candidate\r30b_release_stress\port_name_public30\tc_public_5\work\v7\work\v6\work\v5\work\logs,clean,"clean,inputs,outputs,both",0,0,0,gate_not_matched,skipped,r28_r27_mfs_fraig_dc2_bal,,gate_not_matched,,,,0,0,gate_not_matched,skipped,r29_mfs_strash_dc2_rwz_bal,,gate_not_matched,,,,0,0,gate_not_matched,skipped,r30b_odc_resub_f1,,gate_not_matched,,,,0,0,0.002522,ok,,cluster_none,9.292308,0,0,64,65
tc_public_6,results_candidate\r30b_release_stress\port_name_cases\tc_public_6\input.blif,sop_fx,sop_fx@clean,tiny_high_fanin_sop,selected_candidate,,results_candidate\r30b_release_stress\port_name_public30\tc_public_6\output.blif,results_candidate\r30b_release_stress\port_name_public30\tc_public_6\work\v7\work\v6\work\v5\work\variants\clean\output.candidate.blif,results_candidate\r30b_release_stress\port_name_public30\tc_public_6\work\v7\work\v6\work\v5\work\variants\clean\baseline.blif,162,4,162,4,162,4,256,5,0,0,True,0.383966,0.752424,0.438896,7.902,results_candidate\r30b_release_stress\port_name_public30\tc_public_6\work\v7\work\v6\work\v5\work\logs,clean,"clean,inputs,outputs,both",0,0,0,gate_not_matched,skipped,r28_r27_mfs_fraig_dc2_bal,,gate_not_matched,,,,0,0,gate_not_matched,skipped,r29_mfs_strash_dc2_rwz_bal,,gate_not_matched,,,,0,0,gate_not_matched,skipped,r30b_odc_resub_f1,,gate_not_matched,,,,0,0,0.010431,ok,,cluster_none,4.296296,0,0,32,162
tc_public_7,results_candidate\r30b_release_stress\port_name_cases\tc_public_7\input.blif,r11_gia_deepsyn_tiny,r11_gia_deepsyn_tiny@clean,r11_deepsyn_small_high_sop_low_two,selected_candidate,,results_candidate\r30b_release_stress\port_name_public30\tc_public_7\output.blif,results_candidate\r30b_release_stress\port_name_public30\tc_public_7\work\v7\work\v6\work\v5\work\variants\clean\output.candidate.blif,results_candidate\r30b_release_stress\port_name_public30\tc_public_7\work\v7\work\v6\work\v5\work\variants\clean\baseline.blif,191,3,252,3,191,3,252,3,0,0,True,1.43373,0.752874,0.385533,12.426,results_candidate\r30b_release_stress\port_name_public30\tc_public_7\work\v7\work\v6\work\v5\work\logs,clean,"clean,inputs,outputs,both",0,0,0,gate_not_matched,skipped,r28_r27_mfs_fraig_dc2_bal,,gate_not_matched,,,,0,0,gate_not_matched,skipped,r29_mfs_strash_dc2_rwz_bal,,gate_not_matched,,,,0,0,gate_not_matched,skipped,r30b_odc_resub_f1,,gate_not_matched,,,,0,0,0.010289,ok,,cluster_none,6.240838,0,0,63,191
tc_public_8,results_candidate\r30b_release_stress\port_name_cases\tc_public_8\input.blif,sop_fx,sop_fx@clean,tiny_high_fanin_sop,selected_candidate,,results_candidate\r30b_release_stress\port_name_public30\tc_public_8\output.blif,results_candidate\r30b_release_stress\port_name_public30\tc_public_8\work\v7\work\v6\work\v5\work\variants\clean\output.candidate.blif,results_candidate\r30b_release_stress\port_name_public30\tc_public_8\work\v7\work\v6\work\v5\work\variants\clean\baseline.blif,193,3,193,3,193,3,193,3,0,0,True,0.393962,0.781577,0.458237,7.875,results_candidate\r30b_release_stress\port_name_public30\tc_public_8\work\v7\work\v6\work\v5\work\logs,clean,"clean,inputs,outputs,both",0,0,0,gate_not_matched,skipped,r28_r27_mfs_fraig_dc2_bal,,gate_not_matched,,,,0,0,gate_not_matched,skipped,r29_mfs_strash_dc2_rwz_bal,,gate_not_matched,,,,0,0,gate_not_matched,skipped,r30b_odc_resub_f1,,gate_not_matched,,,,0,0,0.010966,ok,,cluster_none,59.502591,0,0,96,193
tc_public_9,results_candidate\r30b_release_stress\port_name_cases\tc_public_9\input.blif,r11_gia_deepsyn_tiny,r11_gia_deepsyn_tiny@clean,r11_deepsyn_tiny_high_sop_medium_po,selected_candidate,,results_candidate\r30b_release_stress\port_name_public30\tc_public_9\output.blif,results_candidate\r30b_release_stress\port_name_public30\tc_public_9\work\v7\work\v6\work\v5\work\variants\clean\output.candidate.blif,results_candidate\r30b_release_stress\port_name_public30\tc_public_9\work\v7\work\v6\work\v5\work\variants\clean\baseline.blif,194,4,224,5,194,4,224,5,0,0,True,1.810902,0.764563,0.404182,12.223,results_candidate\r30b_release_stress\port_name_public30\tc_public_9\work\v7\work\v6\work\v5\work\logs,clean,"clean,inputs,outputs,both",0,0,0,gate_not_matched,skipped,r28_r27_mfs_fraig_dc2_bal,,gate_not_matched,,,,0,0,gate_not_matched,skipped,r29_mfs_strash_dc2_rwz_bal,,gate_not_matched,,,,0,0,gate_not_matched,skipped,r30b_odc_resub_f1,,gate_not_matched,,,,0,0,0.00956,ok,,cluster_none,3.587629,0,0,32,194
