case,input_path,requested_pipeline,selected_pipeline,selector_reason,status,fallback_reason,output_path,candidate_path,baseline_path,candidate_nodes,candidate_levels,baseline_nodes,baseline_levels,selected_nodes,selected_levels,original_nodes,original_levels,opt_returncode,cec_returncode,cec_pass,opt_runtime_sec,cec_runtime_sec,stats_runtime_sec,peak_mem_mb,log_dir,chosen_variant,attempted_variants,inner_fallback_count,original_cec_fail_count
case_095oues3rg,data\tc_public_rand_r7b_stress\case_095oues3rg\input.blif,sop_fx,sop_fx@clean,tiny_high_fanin_sop,selected_candidate,,results_candidate\r8_order_choosebest_singlecase_random\public30\case_095oues3rg\output.blif,results_candidate\r8_order_choosebest_singlecase_random\public30\case_095oues3rg\work\variants\clean\output.candidate.blif,results_candidate\r8_order_choosebest_singlecase_random\public30\case_095oues3rg\work\variants\clean\baseline.blif,193,3,193,3,193,3,193,3,0,0,True,0.752448,1.529155,1.041175,9.598,results_candidate\r8_order_choosebest_singlecase_random\public30\case_095oues3rg\work\logs,clean,"clean,inputs,outputs,both",0,0
case_3ycwlkaj3j,data\tc_public_rand_r7b_stress\case_3ycwlkaj3j\input.blif,sop_fx,sop_fx@clean,tiny_high_fanin_sop,selected_candidate,,results_candidate\r8_order_choosebest_singlecase_random\public30\case_3ycwlkaj3j\output.blif,results_candidate\r8_order_choosebest_singlecase_random\public30\case_3ycwlkaj3j\work\variants\clean\output.candidate.blif,results_candidate\r8_order_choosebest_singlecase_random\public30\case_3ycwlkaj3j\work\variants\clean\baseline.blif,252,3,252,3,252,3,252,3,0,0,True,0.857664,1.419251,0.926985,10.621,results_candidate\r8_order_choosebest_singlecase_random\public30\case_3ycwlkaj3j\work\logs,clean,"clean,inputs,outputs,both",0,0
case_5b37d8pj99,data\tc_public_rand_r7b_stress\case_5b37d8pj99\input.blif,rewrite2,rewrite2@clean,medium_rewrite_cleanup,selected_candidate,,results_candidate\r8_order_choosebest_singlecase_random\public30\case_5b37d8pj99\output.blif,results_candidate\r8_order_choosebest_singlecase_random\public30\case_5b37d8pj99\work\variants\clean\output.candidate.blif,results_candidate\r8_order_choosebest_singlecase_random\public30\case_5b37d8pj99\work\variants\clean\baseline.blif,1385,13,1407,13,1385,13,1482,15,0,0,True,1.075247,1.371766,1.036035,15.328,results_candidate\r8_order_choosebest_singlecase_random\public30\case_5b37d8pj99\work\logs,clean,"clean,inputs,outputs,both",0,0
case_8tz3kmgxq8,data\tc_public_rand_r7b_stress\case_8tz3kmgxq8\input.blif,high_aig_three_round,high_aig_three_round@both,large_runtime_aig_high_effort,selected_candidate,,results_candidate\r8_order_choosebest_singlecase_random\public30\case_8tz3kmgxq8\output.blif,results_candidate\r8_order_choosebest_singlecase_random\public30\case_8tz3kmgxq8\work\variants\both\output.candidate.blif,results_candidate\r8_order_choosebest_singlecase_random\public30\case_8tz3kmgxq8\work\variants\both\baseline.blif,4806,21,7476,22,4806,21,14139,1036,0,0,True,6.601235,31.444458,1.137589,34.746,results_candidate\r8_order_choosebest_singlecase_random\public30\case_8tz3kmgxq8\work\logs,both,"clean,inputs,outputs,both",0,0
case_9n3t1jxedl,data\tc_public_rand_r7b_stress\case_9n3t1jxedl\input.blif,sop_fx,sop_fx@clean,tiny_high_fanin_sop,selected_candidate,,results_candidate\r8_order_choosebest_singlecase_random\public30\case_9n3t1jxedl\output.blif,results_candidate\r8_order_choosebest_singlecase_random\public30\case_9n3t1jxedl\work\variants\clean\output.candidate.blif,results_candidate\r8_order_choosebest_singlecase_random\public30\case_9n3t1jxedl\work\variants\clean\baseline.blif,19,4,19,4,19,4,34,6,0,0,True,0.782695,1.529225,1.036124,9.344,results_candidate\r8_order_choosebest_singlecase_random\public30\case_9n3t1jxedl\work\logs,clean,"clean,inputs,outputs,both",0,0
case_bxwfcxdndl,data\tc_public_rand_r7b_stress\case_bxwfcxdndl\input.blif,dc2_fast,dc2_fast@clean,default,selected_candidate,,results_candidate\r8_order_choosebest_singlecase_random\public30\case_bxwfcxdndl\output.blif,results_candidate\r8_order_choosebest_singlecase_random\public30\case_bxwfcxdndl\work\variants\clean\output.candidate.blif,results_candidate\r8_order_choosebest_singlecase_random\public30\case_bxwfcxdndl\work\variants\clean\baseline.blif,45,6,45,6,45,6,45,6,0,0,True,0.824654,0.93776,0.958589,9.023,results_candidate\r8_order_choosebest_singlecase_random\public30\case_bxwfcxdndl\work\logs,clean,"clean,inputs,outputs,both",0,0
case_d0sp3evjcu,data\tc_public_rand_r7b_stress\case_d0sp3evjcu\input.blif,high_aig_three_round,high_aig_three_round@inputs,large_runtime_aig_high_effort,selected_candidate,,results_candidate\r8_order_choosebest_singlecase_random\public30\case_d0sp3evjcu\output.blif,results_candidate\r8_order_choosebest_singlecase_random\public30\case_d0sp3evjcu\work\variants\inputs\output.candidate.blif,results_candidate\r8_order_choosebest_singlecase_random\public30\case_d0sp3evjcu\work\variants\inputs\baseline.blif,5523,20,5667,20,5523,20,5742,20,0,0,True,62.20754,16.989036,1.262274,28.305,results_candidate\r8_order_choosebest_singlecase_random\public30\case_d0sp3evjcu\work\logs,inputs,"clean,inputs,outputs,both",0,0
case_d4glr802e7,data\tc_public_rand_r7b_stress\case_d4glr802e7\input.blif,dc2_fast,dc2_fast@outputs,default,selected_candidate,,results_candidate\r8_order_choosebest_singlecase_random\public30\case_d4glr802e7\output.blif,results_candidate\r8_order_choosebest_singlecase_random\public30\case_d4glr802e7\work\variants\outputs\output.candidate.blif,results_candidate\r8_order_choosebest_singlecase_random\public30\case_d4glr802e7\work\variants\outputs\baseline.blif,1046,10,1064,10,1046,10,1064,32,0,0,True,1.138874,1.548717,0.990732,17.934,results_candidate\r8_order_choosebest_singlecase_random\public30\case_d4glr802e7\work\logs,outputs,"clean,inputs,outputs,both",0,0
case_dg8vd3xs1x,data\tc_public_rand_r7b_stress\case_dg8vd3xs1x\input.blif,dc2_fast,dc2_fast@clean,default,selected_candidate,,results_candidate\r8_order_choosebest_singlecase_random\public30\case_dg8vd3xs1x\output.blif,results_candidate\r8_order_choosebest_singlecase_random\public30\case_dg8vd3xs1x\work\variants\clean\output.candidate.blif,results_candidate\r8_order_choosebest_singlecase_random\public30\case_dg8vd3xs1x\work\variants\clean\baseline.blif,328,7,1064,6,328,7,1064,6,0,0,True,0.917274,1.148162,0.964093,17.844,results_candidate\r8_order_choosebest_singlecase_random\public30\case_dg8vd3xs1x\work\logs,clean,"clean,inputs,outputs,both",0,0
case_dqly6ciz1x,data\tc_public_rand_r7b_stress\case_dqly6ciz1x\input.blif,high_aig_three_round,high_aig_three_round@both,large_runtime_aig_high_effort,selected_candidate,,results_candidate\r8_order_choosebest_singlecase_random\public30\case_dqly6ciz1x\output.blif,results_candidate\r8_order_choosebest_singlecase_random\public30\case_dqly6ciz1x\work\variants\both\output.candidate.blif,results_candidate\r8_order_choosebest_singlecase_random\public30\case_dqly6ciz1x\work\variants\both\baseline.blif,5268,18,5409,18,5268,18,5478,18,0,0,True,59.362905,15.520851,1.175462,27.992,results_candidate\r8_order_choosebest_singlecase_random\public30\case_dqly6ciz1x\work\logs,both,"clean,inputs,outputs,both",0,0
case_gbqic6mlha,data\tc_public_rand_r7b_stress\case_gbqic6mlha\input.blif,dc2_fast,dc2_fast@clean,default,selected_candidate,,results_candidate\r8_order_choosebest_singlecase_random\public30\case_gbqic6mlha\output.blif,results_candidate\r8_order_choosebest_singlecase_random\public30\case_gbqic6mlha\work\variants\clean\output.candidate.blif,results_candidate\r8_order_choosebest_singlecase_random\public30\case_gbqic6mlha\work\variants\clean\baseline.blif,93,6,93,6,93,6,93,6,0,0,True,0.849672,0.933273,0.974851,11.234,results_candidate\r8_order_choosebest_singlecase_random\public30\case_gbqic6mlha\work\logs,clean,"clean,inputs,outputs,both",0,0
case_hl7p0063rn,data\tc_public_rand_r7b_stress\case_hl7p0063rn\input.blif,sop_fx,sop_fx@clean,tiny_high_fanin_sop,selected_candidate,,results_candidate\r8_order_choosebest_singlecase_random\public30\case_hl7p0063rn\output.blif,results_candidate\r8_order_choosebest_singlecase_random\public30\case_hl7p0063rn\work\variants\clean\output.candidate.blif,results_candidate\r8_order_choosebest_singlecase_random\public30\case_hl7p0063rn\work\variants\clean\baseline.blif,103,10,142,8,103,10,207,13,0,0,True,0.736338,1.492695,0.971757,9.281,results_candidate\r8_order_choosebest_singlecase_random\public30\case_hl7p0063rn\work\logs,clean,"clean,inputs,outputs,both",0,0
case_i6qsqduet7,data\tc_public_rand_r7b_stress\case_i6qsqduet7\input.blif,sop_fx,sop_fx@clean,tiny_high_fanin_sop,selected_candidate,,results_candidate\r8_order_choosebest_singlecase_random\public30\case_i6qsqduet7\output.blif,results_candidate\r8_order_choosebest_singlecase_random\public30\case_i6qsqduet7\work\variants\clean\output.candidate.blif,results_candidate\r8_order_choosebest_singlecase_random\public30\case_i6qsqduet7\work\variants\clean\baseline.blif,69,8,115,9,69,8,145,12,0,0,True,0.704842,1.46207,0.972326,9.316,results_candidate\r8_order_choosebest_singlecase_random\public30\case_i6qsqduet7\work\logs,clean,"clean,inputs,outputs,both",0,0
case_j0eqkgp8lf,data\tc_public_rand_r7b_stress\case_j0eqkgp8lf\input.blif,dc2_fast,dc2_fast@clean,default,selected_candidate,,results_candidate\r8_order_choosebest_singlecase_random\public30\case_j0eqkgp8lf\output.blif,results_candidate\r8_order_choosebest_singlecase_random\public30\case_j0eqkgp8lf\work\variants\clean\output.candidate.blif,results_candidate\r8_order_choosebest_singlecase_random\public30\case_j0eqkgp8lf\work\variants\clean\baseline.blif,161,4,161,4,161,4,192,5,0,0,True,0.783446,0.942694,0.981083,10.664,results_candidate\r8_order_choosebest_singlecase_random\public30\case_j0eqkgp8lf\work\logs,clean,"clean,inputs,outputs,both",0,0
case_j7dnjet36a,data\tc_public_rand_r7b_stress\case_j7dnjet36a\input.blif,r7b_r7win_fraig_high,r7b_r7win_fraig_high@clean,r7b_high_overlap_guarded_fraig,selected_candidate,,results_candidate\r8_order_choosebest_singlecase_random\public30\case_j7dnjet36a\output.blif,results_candidate\r8_order_choosebest_singlecase_random\public30\case_j7dnjet36a\work\variants\clean\output.candidate.blif,results_candidate\r8_order_choosebest_singlecase_random\public30\case_j7dnjet36a\work\variants\clean\baseline.blif,1043,13,1130,14,1043,13,1284,17,0,0,True,1.378158,3.783269,0.986837,18.793,results_candidate\r8_order_choosebest_singlecase_random\public30\case_j7dnjet36a\work\logs,clean,"clean,inputs,outputs,both",0,0
case_knyww3m7ta,data\tc_public_rand_r7b_stress\case_knyww3m7ta\input.blif,dc2_fast,dc2_fast@clean,default,selected_candidate,,results_candidate\r8_order_choosebest_singlecase_random\public30\case_knyww3m7ta\output.blif,results_candidate\r8_order_choosebest_singlecase_random\public30\case_knyww3m7ta\work\variants\clean\output.candidate.blif,results_candidate\r8_order_choosebest_singlecase_random\public30\case_knyww3m7ta\work\variants\clean\baseline.blif,26,4,26,4,26,4,101,14,0,0,True,0.845838,0.935133,1.007982,9.211,results_candidate\r8_order_choosebest_singlecase_random\public30\case_knyww3m7ta\work\logs,clean,"clean,inputs,outputs,both",0,0
case_o1v95jw2yn,data\tc_public_rand_r7b_stress\case_o1v95jw2yn\input.blif,dc2_fast,dc2_fast@clean,default,selected_candidate,,results_candidate\r8_order_choosebest_singlecase_random\public30\case_o1v95jw2yn\output.blif,results_candidate\r8_order_choosebest_singlecase_random\public30\case_o1v95jw2yn\work\variants\clean\output.candidate.blif,results_candidate\r8_order_choosebest_singlecase_random\public30\case_o1v95jw2yn\work\variants\clean\baseline.blif,520,7,520,7,520,7,576,20,0,0,True,0.996372,1.124769,0.961075,17.199,results_candidate\r8_order_choosebest_singlecase_random\public30\case_o1v95jw2yn\work\logs,clean,"clean,inputs,outputs,both",0,0
case_ofbkzi81pj,data\tc_public_rand_r7b_stress\case_ofbkzi81pj\input.blif,high_aig_three_round,high_aig_three_round@both,large_runtime_aig_high_effort,selected_candidate,,results_candidate\r8_order_choosebest_singlecase_random\public30\case_ofbkzi81pj\output.blif,results_candidate\r8_order_choosebest_singlecase_random\public30\case_ofbkzi81pj\work\variants\both\output.candidate.blif,results_candidate\r8_order_choosebest_singlecase_random\public30\case_ofbkzi81pj\work\variants\both\baseline.blif,11001,20,11274,20,11001,20,11367,20,0,0,True,120.453146,33.160762,1.365969,35.105,results_candidate\r8_order_choosebest_singlecase_random\public30\case_ofbkzi81pj\work\logs,both,"clean,inputs,outputs,both",0,0
case_plzua5wike,data\tc_public_rand_r7b_stress\case_plzua5wike\input.blif,r7b_r7win_fraig_high,r7b_r7win_fraig_high@clean,r7b_high_overlap_guarded_fraig,selected_candidate,,results_candidate\r8_order_choosebest_singlecase_random\public30\case_plzua5wike\output.blif,results_candidate\r8_order_choosebest_singlecase_random\public30\case_plzua5wike\work\variants\clean\output.candidate.blif,results_candidate\r8_order_choosebest_singlecase_random\public30\case_plzua5wike\work\variants\clean\baseline.blif,922,11,928,10,922,11,931,12,0,0,True,1.26881,1.507459,0.986318,17.848,results_candidate\r8_order_choosebest_singlecase_random\public30\case_plzua5wike\work\logs,clean,"clean,inputs,outputs,both",0,0
case_pu0lm11810,data\tc_public_rand_r7b_stress\case_pu0lm11810\input.blif,sop_fx,sop_fx@clean,tiny_high_fanin_sop,selected_candidate,,results_candidate\r8_order_choosebest_singlecase_random\public30\case_pu0lm11810\output.blif,results_candidate\r8_order_choosebest_singlecase_random\public30\case_pu0lm11810\work\variants\clean\output.candidate.blif,results_candidate\r8_order_choosebest_singlecase_random\public30\case_pu0lm11810\work\variants\clean\baseline.blif,224,5,224,5,224,5,224,5,0,0,True,0.732661,1.523129,0.957539,11.66,results_candidate\r8_order_choosebest_singlecase_random\public30\case_pu0lm11810\work\logs,clean,"clean,inputs,outputs,both",0,0
case_pyg3694elp,data\tc_public_rand_r7b_stress\case_pyg3694elp\input.blif,dc2_fast,dc2_fast@clean,default,selected_candidate,,results_candidate\r8_order_choosebest_singlecase_random\public30\case_pyg3694elp\output.blif,results_candidate\r8_order_choosebest_singlecase_random\public30\case_pyg3694elp\work\variants\clean\output.candidate.blif,results_candidate\r8_order_choosebest_singlecase_random\public30\case_pyg3694elp\work\variants\clean\baseline.blif,376,7,376,7,376,7,576,20,0,0,True,0.961275,1.124901,1.017974,15.102,results_candidate\r8_order_choosebest_singlecase_random\public30\case_pyg3694elp\work\logs,clean,"clean,inputs,outputs,both",0,0
case_q85mtt9qhs,data\tc_public_rand_r7b_stress\case_q85mtt9qhs\input.blif,r7b_r7win_fraig_high,r7b_r7win_fraig_high@outputs,r7b_high_overlap_guarded_fraig,selected_candidate,,results_candidate\r8_order_choosebest_singlecase_random\public30\case_q85mtt9qhs\output.blif,results_candidate\r8_order_choosebest_singlecase_random\public30\case_q85mtt9qhs\work\variants\outputs\output.candidate.blif,results_candidate\r8_order_choosebest_singlecase_random\public30\case_q85mtt9qhs\work\variants\outputs\baseline.blif,2156,16,4478,26,2156,16,6388,29,0,0,True,3.738947,2.370269,1.025786,52.875,results_candidate\r8_order_choosebest_singlecase_random\public30\case_q85mtt9qhs\work\logs,outputs,"clean,inputs,outputs,both",0,0
case_qo1zilrin4,data\tc_public_rand_r7b_stress\case_qo1zilrin4\input.blif,dc2_fast,dc2_fast@clean,default,selected_candidate,,results_candidate\r8_order_choosebest_singlecase_random\public30\case_qo1zilrin4\output.blif,results_candidate\r8_order_choosebest_singlecase_random\public30\case_qo1zilrin4\work\variants\clean\output.candidate.blif,results_candidate\r8_order_choosebest_singlecase_random\public30\case_qo1zilrin4\work\variants\clean\baseline.blif,215,8,215,8,215,8,223,15,0,0,True,0.905738,0.998177,0.937434,12.617,results_candidate\r8_order_choosebest_singlecase_random\public30\case_qo1zilrin4\work\logs,clean,"clean,inputs,outputs,both",0,0
case_scefuc0ca6,data\tc_public_rand_r7b_stress\case_scefuc0ca6\input.blif,sop_fx,sop_fx@clean,tiny_high_fanin_sop,selected_candidate,,results_candidate\r8_order_choosebest_singlecase_random\public30\case_scefuc0ca6\output.blif,results_candidate\r8_order_choosebest_singlecase_random\public30\case_scefuc0ca6\work\variants\clean\output.candidate.blif,results_candidate\r8_order_choosebest_singlecase_random\public30\case_scefuc0ca6\work\variants\clean\baseline.blif,162,4,162,4,162,4,256,5,0,0,True,0.712457,1.513228,0.953589,9.574,results_candidate\r8_order_choosebest_singlecase_random\public30\case_scefuc0ca6\work\logs,clean,"clean,inputs,outputs,both",0,0
case_tofysbdmu2,data\tc_public_rand_r7b_stress\case_tofysbdmu2\input.blif,high_aig_three_round,high_aig_three_round@both,large_runtime_aig_high_effort,selected_candidate,,results_candidate\r8_order_choosebest_singlecase_random\public30\case_tofysbdmu2\output.blif,results_candidate\r8_order_choosebest_singlecase_random\public30\case_tofysbdmu2\work\variants\both\output.candidate.blif,results_candidate\r8_order_choosebest_singlecase_random\public30\case_tofysbdmu2\work\variants\both\baseline.blif,5532,20,5688,20,5532,20,5763,20,0,0,True,62.799388,17.13474,1.081281,28.176,results_candidate\r8_order_choosebest_singlecase_random\public30\case_tofysbdmu2\work\logs,both,"clean,inputs,outputs,both",0,0
case_tylrj06i68,data\tc_public_rand_r7b_stress\case_tylrj06i68\input.blif,sop_fx,sop_fx@outputs,tiny_high_fanin_sop,selected_candidate,,results_candidate\r8_order_choosebest_singlecase_random\public30\case_tylrj06i68\output.blif,results_candidate\r8_order_choosebest_singlecase_random\public30\case_tylrj06i68\work\variants\outputs\output.candidate.blif,results_candidate\r8_order_choosebest_singlecase_random\public30\case_tylrj06i68\work\variants\outputs\baseline.blif,108,8,157,11,108,8,208,13,0,0,True,0.726457,1.505396,0.954607,9.348,results_candidate\r8_order_choosebest_singlecase_random\public30\case_tylrj06i68\work\logs,outputs,"clean,inputs,outputs,both",0,0
case_u9m9kzukyx,data\tc_public_rand_r7b_stress\case_u9m9kzukyx\input.blif,dc2_fast,dc2_fast@clean,default,selected_candidate,,results_candidate\r8_order_choosebest_singlecase_random\public30\case_u9m9kzukyx\output.blif,results_candidate\r8_order_choosebest_singlecase_random\public30\case_u9m9kzukyx\work\variants\clean\output.candidate.blif,results_candidate\r8_order_choosebest_singlecase_random\public30\case_u9m9kzukyx\work\variants\clean\baseline.blif,65,2,66,2,65,2,128,2,0,0,True,0.802506,0.904307,1.007959,9.477,results_candidate\r8_order_choosebest_singlecase_random\public30\case_u9m9kzukyx\work\logs,clean,"clean,inputs,outputs,both",0,0
case_udxahl2zm5,data\tc_public_rand_r7b_stress\case_udxahl2zm5\input.blif,dc2_fast,dc2_fast@clean,default,selected_candidate,,results_candidate\r8_order_choosebest_singlecase_random\public30\case_udxahl2zm5\output.blif,results_candidate\r8_order_choosebest_singlecase_random\public30\case_udxahl2zm5\work\variants\clean\output.candidate.blif,results_candidate\r8_order_choosebest_singlecase_random\public30\case_udxahl2zm5\work\variants\clean\baseline.blif,109,7,110,7,109,7,121,8,0,0,True,0.858234,0.949128,0.988621,9.977,results_candidate\r8_order_choosebest_singlecase_random\public30\case_udxahl2zm5\work\logs,clean,"clean,inputs,outputs,both",0,0
case_unko4bybxf,data\tc_public_rand_r7b_stress\case_unko4bybxf\input.blif,dc2_fast,dc2_fast@inputs,default,selected_candidate,,results_candidate\r8_order_choosebest_singlecase_random\public30\case_unko4bybxf\output.blif,results_candidate\r8_order_choosebest_singlecase_random\public30\case_unko4bybxf\work\variants\inputs\output.candidate.blif,results_candidate\r8_order_choosebest_singlecase_random\public30\case_unko4bybxf\work\variants\inputs\baseline.blif,495,12,522,12,495,12,525,12,0,0,True,4.429852,2.842843,0.989834,19.785,results_candidate\r8_order_choosebest_singlecase_random\public30\case_unko4bybxf\work\logs,inputs,"clean,inputs,outputs,both",0,0
case_y7gkf9k8m4,data\tc_public_rand_r7b_stress\case_y7gkf9k8m4\input.blif,dc2_fast,dc2_fast@clean,default,selected_candidate,,results_candidate\r8_order_choosebest_singlecase_random\public30\case_y7gkf9k8m4\output.blif,results_candidate\r8_order_choosebest_singlecase_random\public30\case_y7gkf9k8m4\work\variants\clean\output.candidate.blif,results_candidate\r8_order_choosebest_singlecase_random\public30\case_y7gkf9k8m4\work\variants\clean\baseline.blif,1530,16,1530,16,1530,16,1530,263,0,0,True,1.257746,1.106565,0.961058,16.328,results_candidate\r8_order_choosebest_singlecase_random\public30\case_y7gkf9k8m4\work\logs,clean,"clean,inputs,outputs,both",0,0
